transaction_id,upi_rrn,amount_inr,timestamp,delivery_status,item_consumed,delivery_delay_sec,claim_filed,dispute_reason,is_fraud_label,risk_score,predicted_is_fraud,decision_action,reason_code
TXN_100001,415631219101,472.66,2026-08-18 22:34:45,DELIVERED,True,4,False,NONE,0,0.05,0,PASS_NO_ACTION,Standard transaction - no active dispute claim.
TXN_100002,418138552030,11073.42,2026-08-31 05:51:45,FAILED,False,0,True,PAID_BUT_NOT_RECEIVED,0,0.11,0,AUTO_APPROVE_REFUND,VALID_DISPUTE: System timeout confirmed. Order failed and item was not delivered/consumed.
TXN_100003,477682810754,6386.64,2026-08-07 18:42:45,DELIVERED,True,3,True,PAID_BUT_NOT_RECEIVED,1,0.95,1,DEFEND_NPCI_DISPUTE,FRIENDLY_FRAUD_DETECTED: Product delivered and redeemed. Claim 'PAID_BUT_NOT_RECEIVED' contradicts delivery evidence.
TXN_100004,431003814027,7629.79,2026-08-07 15:09:45,DELIVERED,True,9,False,NONE,0,0.05,0,PASS_NO_ACTION,Standard transaction - no active dispute claim.
TXN_100005,495343281705,9783.28,2026-08-31 05:23:45,DELIVERED,True,7,False,NONE,0,0.05,0,PASS_NO_ACTION,Standard transaction - no active dispute claim.
TXN_100006,461076327392,8880.06,2026-08-06 17:15:45,DELIVERED,True,13,False,NONE,0,0.05,0,PASS_NO_ACTION,Standard transaction - no active dispute claim.
TXN_100007,424935803837,10502.28,2026-08-21 21:48:45,DELIVERED,True,5,False,NONE,0,0.05,0,PASS_NO_ACTION,Standard transaction - no active dispute claim.
TXN_100008,426437583152,14362.47,2026-08-21 17:49:45,FAILED,False,0,True,PAID_BUT_NOT_RECEIVED,0,0.03,0,AUTO_APPROVE_REFUND,VALID_DISPUTE: System timeout confirmed. Order failed and item was not delivered/consumed.
TXN_100009,409028924397,5760.92,2026-08-22 18:16:45,DELIVERED,True,28,True,PAID_BUT_NOT_RECEIVED,1,0.98,1,DEFEND_NPCI_DISPUTE,FRIENDLY_FRAUD_DETECTED: Product delivered and redeemed. Claim 'PAID_BUT_NOT_RECEIVED' contradicts delivery evidence.
TXN_100010,483081657201,4041.36,2026-08-08 09:37:45,DELIVERED,True,24,True,PAID_BUT_NOT_RECEIVED,1,0.96,1,DEFEND_NPCI_DISPUTE,FRIENDLY_FRAUD_DETECTED: Product delivered and redeemed. Claim 'PAID_BUT_NOT_RECEIVED' contradicts delivery evidence.
TXN_100011,474987658854,1959.91,2026-08-23 15:37:45,DELIVERED,True,2,False,NONE,0,0.05,0,PASS_NO_ACTION,Standard transaction - no active dispute claim.
TXN_100012,441025702129,12458.13,2026-09-03 13:45:45,FAILED,False,0,True,PAID_BUT_NOT_RECEIVED,0,0.81,1,DEFEND_NPCI_DISPUTE,SUSPICIOUS_RETRY_PATTERN: Repeated dispute claims across multiple merchant endpoints.
TXN_100013,478862621936,2965.1,2026-08-09 14:08:45,DELIVERED,True,2,True,PAID_BUT_NOT_RECEIVED,1,0.9,1,DEFEND_NPCI_DISPUTE,FRIENDLY_FRAUD_DETECTED: Product delivered and redeemed. Claim 'PAID_BUT_NOT_RECEIVED' contradicts delivery evidence.
TXN_100014,432904875417,11618.72,2026-08-10 01:19:45,DELIVERED,True,14,False,NONE,0,0.05,0,PASS_NO_ACTION,Standard transaction - no active dispute claim.
TXN_100015,451973405392,4241.81,2026-09-04 08:30:45,DELIVERED,True,14,False,NONE,0,0.05,0,PASS_NO_ACTION,Standard transaction - no active dispute claim.
TXN_100016,423041778753,5615.7,2026-08-15 23:00:45,DELIVERED,True,11,False,NONE,0,0.05,0,PASS_NO_ACTION,Standard transaction - no active dispute claim.
TXN_100017,495635941509,14056.15,2026-09-04 21:59:45,DELIVERED,True,2,False,NONE,0,0.05,0,PASS_NO_ACTION,Standard transaction - no active dispute claim.
TXN_100018,488515543667,2649.97,2026-08-17 13:33:45,DELIVERED,True,3,False,NONE,0,0.05,0,PASS_NO_ACTION,Standard transaction - no active dispute claim.
TXN_100019,453525000050,4122.22,2026-09-04 13:13:45,DELIVERED,True,12,False,NONE,0,0.05,0,PASS_NO_ACTION,Standard transaction - no active dispute claim.
TXN_100020,432456852025,10300.75,2026-08-08 23:15:45,DELIVERED,True,4,False,NONE,0,0.05,0,PASS_NO_ACTION,Standard transaction - no active dispute claim.
TXN_100021,407824582571,12095.18,2026-08-24 16:20:45,DELIVERED,True,9,True,PAID_BUT_NOT_RECEIVED,1,0.9,1,DEFEND_NPCI_DISPUTE,FRIENDLY_FRAUD_DETECTED: Product delivered and redeemed. Claim 'PAID_BUT_NOT_RECEIVED' contradicts delivery evidence.
TXN_100022,426054081665,13705.73,2026-09-01 05:40:45,DELIVERED,True,15,False,NONE,0,0.05,0,PASS_NO_ACTION,Standard transaction - no active dispute claim.
TXN_100023,446033091279,3268.14,2026-08-29 03:27:45,DELIVERED,True,7,False,NONE,0,0.05,0,PASS_NO_ACTION,Standard transaction - no active dispute claim.
TXN_100024,462890569906,2228.79,2026-08-12 18:40:45,DELIVERED,True,4,False,NONE,0,0.05,0,PASS_NO_ACTION,Standard transaction - no active dispute claim.
TXN_100025,476214147353,8130.76,2026-09-02 00:41:45,DELIVERED,True,7,False,NONE,0,0.05,0,PASS_NO_ACTION,Standard transaction - no active dispute claim.
TXN_100026,481165531253,6051.07,2026-08-16 09:43:45,DELIVERED,True,5,True,PAID_BUT_NOT_RECEIVED,1,0.94,1,DEFEND_NPCI_DISPUTE,FRIENDLY_FRAUD_DETECTED: Product delivered and redeemed. Claim 'PAID_BUT_NOT_RECEIVED' contradicts delivery evidence.
TXN_100027,466612908200,1454.55,2026-08-08 13:37:45,DELIVERED,True,14,False,NONE,0,0.05,0,PASS_NO_ACTION,Standard transaction - no active dispute claim.
TXN_100028,417650808629,9448.95,2026-08-25 15:16:45,DELIVERED,True,10,False,NONE,0,0.05,0,PASS_NO_ACTION,Standard transaction - no active dispute claim.
TXN_100029,451812456976,5786.13,2026-08-27 17:24:45,DELIVERED,True,9,False,NONE,0,0.05,0,PASS_NO_ACTION,Standard transaction - no active dispute claim.
TXN_100030,404047709743,10236.22,2026-08-11 15:17:45,DELIVERED,True,11,False,NONE,0,0.05,0,PASS_NO_ACTION,Standard transaction - no active dispute claim.
TXN_100031,476814581501,11288.08,2026-09-04 14:16:45,DELIVERED,True,11,True,PAID_BUT_NOT_RECEIVED,1,0.91,1,DEFEND_NPCI_DISPUTE,FRIENDLY_FRAUD_DETECTED: Product delivered and redeemed. Claim 'PAID_BUT_NOT_RECEIVED' contradicts delivery evidence.
TXN_100032,439133818601,6578.0,2026-08-27 01:45:45,DELIVERED,True,1,False,NONE,0,0.05,0,PASS_NO_ACTION,Standard transaction - no active dispute claim.
TXN_100033,469486780724,13698.15,2026-09-03 21:09:45,DELIVERED,True,5,False,NONE,0,0.05,0,PASS_NO_ACTION,Standard transaction - no active dispute claim.
TXN_100034,489514288247,7664.18,2026-08-15 11:25:45,FAILED,False,0,True,PAID_BUT_NOT_RECEIVED,0,0.03,0,AUTO_APPROVE_REFUND,VALID_DISPUTE: System timeout confirmed. Order failed and item was not delivered/consumed.
TXN_100035,447901079933,11461.41,2026-08-30 23:18:45,FAILED,False,0,True,PAID_BUT_NOT_RECEIVED,0,0.05,0,AUTO_APPROVE_REFUND,VALID_DISPUTE: System timeout confirmed. Order failed and item was not delivered/consumed.
TXN_100036,472681300933,13785.55,2026-09-02 16:22:45,DELIVERED,True,11,True,PAID_BUT_NOT_RECEIVED,1,0.97,1,DEFEND_NPCI_DISPUTE,FRIENDLY_FRAUD_DETECTED: Product delivered and redeemed. Claim 'PAID_BUT_NOT_RECEIVED' contradicts delivery evidence.
TXN_100037,402098545541,1766.83,2026-08-22 22:38:45,DELIVERED,True,15,False,NONE,0,0.05,0,PASS_NO_ACTION,Standard transaction - no active dispute claim.
TXN_100038,442119777069,3667.84,2026-08-17 09:15:45,DELIVERED,True,15,False,NONE,0,0.05,0,PASS_NO_ACTION,Standard transaction - no active dispute claim.
TXN_100039,408928193543,11005.42,2026-08-09 13:45:45,DELIVERED,True,25,True,PAID_BUT_NOT_RECEIVED,1,0.94,1,DEFEND_NPCI_DISPUTE,FRIENDLY_FRAUD_DETECTED: Product delivered and redeemed. Claim 'PAID_BUT_NOT_RECEIVED' contradicts delivery evidence.
TXN_100040,417720006480,9930.29,2026-08-31 10:41:45,DELIVERED,True,3,False,NONE,0,0.05,0,PASS_NO_ACTION,Standard transaction - no active dispute claim.
TXN_100041,469857886275,13099.25,2026-08-25 16:20:45,DELIVERED,True,4,False,NONE,0,0.05,0,PASS_NO_ACTION,Standard transaction - no active dispute claim.
TXN_100042,477004097118,11353.45,2026-08-15 13:52:45,DELIVERED,True,12,False,NONE,0,0.05,0,PASS_NO_ACTION,Standard transaction - no active dispute claim.
TXN_100043,452878418842,14927.73,2026-09-05 00:00:45,DELIVERED,True,6,False,NONE,0,0.05,0,PASS_NO_ACTION,Standard transaction - no active dispute claim.
TXN_100044,462352513460,1902.96,2026-08-16 15:35:45,FAILED,False,0,True,PAID_BUT_NOT_RECEIVED,0,0.02,0,AUTO_APPROVE_REFUND,VALID_DISPUTE: System timeout confirmed. Order failed and item was not delivered/consumed.
TXN_100045,443224662108,413.41,2026-08-31 15:11:45,DELIVERED,True,4,False,NONE,0,0.05,0,PASS_NO_ACTION,Standard transaction - no active dispute claim.
TXN_100046,432592102130,207.14,2026-09-04 03:29:45,DELIVERED,True,2,True,PAID_BUT_NOT_RECEIVED,1,0.9,1,DEFEND_NPCI_DISPUTE,FRIENDLY_FRAUD_DETECTED: Product delivered and redeemed. Claim 'PAID_BUT_NOT_RECEIVED' contradicts delivery evidence.
TXN_100047,409573232084,13590.76,2026-08-21 11:04:45,DELIVERED,True,2,False,NONE,0,0.05,0,PASS_NO_ACTION,Standard transaction - no active dispute claim.
TXN_100048,432273054800,4249.31,2026-08-28 12:22:45,DELIVERED,True,4,False,NONE,0,0.05,0,PASS_NO_ACTION,Standard transaction - no active dispute claim.
TXN_100049,419495861299,10877.95,2026-09-01 09:53:45,DELIVERED,True,10,False,NONE,0,0.05,0,PASS_NO_ACTION,Standard transaction - no active dispute claim.
TXN_100050,432094877689,11790.83,2026-08-24 22:47:45,DELIVERED,True,4,False,NONE,0,0.05,0,PASS_NO_ACTION,Standard transaction - no active dispute claim.
TXN_100051,413290028116,9918.84,2026-08-22 13:09:45,FAILED,False,0,True,PAID_BUT_NOT_RECEIVED,0,0.11,0,AUTO_APPROVE_REFUND,VALID_DISPUTE: System timeout confirmed. Order failed and item was not delivered/consumed.
TXN_100052,457653831185,7058.67,2026-08-08 21:20:45,DELIVERED,True,22,True,PAID_BUT_NOT_RECEIVED,1,0.97,1,DEFEND_NPCI_DISPUTE,FRIENDLY_FRAUD_DETECTED: Product delivered and redeemed. Claim 'PAID_BUT_NOT_RECEIVED' contradicts delivery evidence.
TXN_100053,415660222785,1003.13,2026-08-21 20:46:45,FAILED,False,0,True,PAID_BUT_NOT_RECEIVED,0,0.02,0,AUTO_APPROVE_REFUND,VALID_DISPUTE: System timeout confirmed. Order failed and item was not delivered/consumed.
TXN_100054,430534077991,2954.69,2026-08-30 19:56:45,FAILED,False,0,True,PAID_BUT_NOT_RECEIVED,0,0.06,0,AUTO_APPROVE_REFUND,VALID_DISPUTE: System timeout confirmed. Order failed and item was not delivered/consumed.
TXN_100055,419106649725,6386.04,2026-08-19 02:24:45,DELIVERED,True,8,False,NONE,0,0.05,0,PASS_NO_ACTION,Standard transaction - no active dispute claim.
TXN_100056,412555330172,6702.65,2026-08-31 11:16:45,FAILED,False,0,True,PAID_BUT_NOT_RECEIVED,0,0.06,0,AUTO_APPROVE_REFUND,VALID_DISPUTE: System timeout confirmed. Order failed and item was not delivered/consumed.
TXN_100057,404715482085,9816.96,2026-08-31 00:37:45,DELIVERED,True,14,False,NONE,0,0.05,0,PASS_NO_ACTION,Standard transaction - no active dispute claim.
TXN_100058,422490078656,6155.57,2026-08-28 07:56:45,DELIVERED,True,4,False,NONE,0,0.05,0,PASS_NO_ACTION,Standard transaction - no active dispute claim.
TXN_100059,455253252721,13546.4,2026-08-13 21:59:45,DELIVERED,True,7,False,NONE,0,0.05,0,PASS_NO_ACTION,Standard transaction - no active dispute claim.
TXN_100060,436036587044,13905.12,2026-08-27 03:09:45,DELIVERED,True,5,False,NONE,0,0.05,0,PASS_NO_ACTION,Standard transaction - no active dispute claim.
TXN_100061,496306083818,14364.03,2026-08-31 17:12:45,DELIVERED,True,11,False,NONE,0,0.05,0,PASS_NO_ACTION,Standard transaction - no active dispute claim.
TXN_100062,467510049482,2406.47,2026-08-19 22:15:45,DELIVERED,True,4,False,NONE,0,0.05,0,PASS_NO_ACTION,Standard transaction - no active dispute claim.
TXN_100063,408455542342,8729.79,2026-08-31 02:23:45,DELIVERED,True,2,True,PAID_BUT_NOT_RECEIVED,1,0.47,0,AUTO_APPROVE_REFUND,EDGE_CASE_TIMEOUT: Delayed redemption log misled initial evaluation.
TXN_100064,446162203547,951.76,2026-09-02 00:14:45,DELIVERED,True,8,False,NONE,0,0.05,0,PASS_NO_ACTION,Standard transaction - no active dispute claim.
TXN_100065,472381880778,2445.75,2026-08-29 12:51:45,DELIVERED,True,2,False,NONE,0,0.05,0,PASS_NO_ACTION,Standard transaction - no active dispute claim.
TXN_100066,425131324880,1120.97,2026-08-09 12:23:45,DELIVERED,True,11,False,NONE,0,0.05,0,PASS_NO_ACTION,Standard transaction - no active dispute claim.
TXN_100067,433766256364,6116.26,2026-09-01 08:24:45,DELIVERED,True,4,False,NONE,0,0.05,0,PASS_NO_ACTION,Standard transaction - no active dispute claim.
TXN_100068,484090817027,692.15,2026-08-10 03:42:45,DELIVERED,True,14,True,PAID_BUT_NOT_RECEIVED,1,0.95,1,DEFEND_NPCI_DISPUTE,FRIENDLY_FRAUD_DETECTED: Product delivered and redeemed. Claim 'PAID_BUT_NOT_RECEIVED' contradicts delivery evidence.
TXN_100069,480132807570,8521.88,2026-08-20 19:43:45,DELIVERED,True,15,False,NONE,0,0.05,0,PASS_NO_ACTION,Standard transaction - no active dispute claim.
TXN_100070,426889783906,10078.92,2026-08-20 17:20:45,FAILED,False,0,True,PAID_BUT_NOT_RECEIVED,0,0.07,0,AUTO_APPROVE_REFUND,VALID_DISPUTE: System timeout confirmed. Order failed and item was not delivered/consumed.
TXN_100071,435384886749,5997.21,2026-09-04 19:13:45,DELIVERED,True,10,True,PAID_BUT_NOT_RECEIVED,1,0.9,1,DEFEND_NPCI_DISPUTE,FRIENDLY_FRAUD_DETECTED: Product delivered and redeemed. Claim 'PAID_BUT_NOT_RECEIVED' contradicts delivery evidence.
TXN_100072,444913437557,13942.37,2026-08-09 17:24:45,DELIVERED,True,1,False,NONE,0,0.05,0,PASS_NO_ACTION,Standard transaction - no active dispute claim.
TXN_100073,483572699943,14976.97,2026-08-10 23:22:45,DELIVERED,True,2,False,NONE,0,0.05,0,PASS_NO_ACTION,Standard transaction - no active dispute claim.
TXN_100074,428078925963,7637.68,2026-08-12 10:50:45,DELIVERED,True,30,True,PAID_BUT_NOT_RECEIVED,1,0.97,1,DEFEND_NPCI_DISPUTE,FRIENDLY_FRAUD_DETECTED: Product delivered and redeemed. Claim 'PAID_BUT_NOT_RECEIVED' contradicts delivery evidence.
TXN_100075,448293833828,4346.31,2026-08-26 08:46:45,DELIVERED,True,27,True,PAID_BUT_NOT_RECEIVED,1,0.98,1,DEFEND_NPCI_DISPUTE,FRIENDLY_FRAUD_DETECTED: Product delivered and redeemed. Claim 'PAID_BUT_NOT_RECEIVED' contradicts delivery evidence.
TXN_100076,496822383884,4607.51,2026-09-05 04:28:45,DELIVERED,True,17,True,PAID_BUT_NOT_RECEIVED,1,0.98,1,DEFEND_NPCI_DISPUTE,FRIENDLY_FRAUD_DETECTED: Product delivered and redeemed. Claim 'PAID_BUT_NOT_RECEIVED' contradicts delivery evidence.
TXN_100077,490227913200,12274.85,2026-08-20 01:10:45,DELIVERED,True,30,True,PAID_BUT_NOT_RECEIVED,1,0.9,1,DEFEND_NPCI_DISPUTE,FRIENDLY_FRAUD_DETECTED: Product delivered and redeemed. Claim 'PAID_BUT_NOT_RECEIVED' contradicts delivery evidence.
TXN_100078,415734134727,14090.06,2026-08-12 12:50:45,DELIVERED,True,5,False,NONE,0,0.05,0,PASS_NO_ACTION,Standard transaction - no active dispute claim.
TXN_100079,499243963817,8343.03,2026-08-18 19:38:45,DELIVERED,True,5,False,NONE,0,0.05,0,PASS_NO_ACTION,Standard transaction - no active dispute claim.
TXN_100080,428367528107,10792.42,2026-08-15 16:32:45,DELIVERED,True,11,False,NONE,0,0.05,0,PASS_NO_ACTION,Standard transaction - no active dispute claim.
TXN_100081,469853278950,7379.12,2026-08-08 17:39:45,FAILED,False,0,True,PAID_BUT_NOT_RECEIVED,0,0.05,0,AUTO_APPROVE_REFUND,VALID_DISPUTE: System timeout confirmed. Order failed and item was not delivered/consumed.
TXN_100082,486295764809,6411.28,2026-08-19 00:22:45,DELIVERED,True,2,True,PAID_BUT_NOT_RECEIVED,1,0.91,1,DEFEND_NPCI_DISPUTE,FRIENDLY_FRAUD_DETECTED: Product delivered and redeemed. Claim 'PAID_BUT_NOT_RECEIVED' contradicts delivery evidence.
TXN_100083,442964901582,11589.68,2026-09-04 10:03:45,DELIVERED,True,5,False,NONE,0,0.05,0,PASS_NO_ACTION,Standard transaction - no active dispute claim.
TXN_100084,499478237119,6683.35,2026-08-25 21:18:45,DELIVERED,True,9,False,NONE,0,0.05,0,PASS_NO_ACTION,Standard transaction - no active dispute claim.
TXN_100085,412926432934,1221.13,2026-08-13 04:58:45,DELIVERED,True,9,False,NONE,0,0.05,0,PASS_NO_ACTION,Standard transaction - no active dispute claim.
TXN_100086,478895181912,8332.62,2026-08-25 23:36:45,DELIVERED,True,3,False,NONE,0,0.05,0,PASS_NO_ACTION,Standard transaction - no active dispute claim.
TXN_100087,438834359262,5533.31,2026-08-08 05:44:45,DELIVERED,True,29,True,PAID_BUT_NOT_RECEIVED,1,0.92,1,DEFEND_NPCI_DISPUTE,FRIENDLY_FRAUD_DETECTED: Product delivered and redeemed. Claim 'PAID_BUT_NOT_RECEIVED' contradicts delivery evidence.
TXN_100088,427306582726,10262.79,2026-08-11 02:26:45,DELIVERED,True,12,True,PAID_BUT_NOT_RECEIVED,1,0.94,1,DEFEND_NPCI_DISPUTE,FRIENDLY_FRAUD_DETECTED: Product delivered and redeemed. Claim 'PAID_BUT_NOT_RECEIVED' contradicts delivery evidence.
TXN_100089,476365017788,13273.61,2026-08-24 22:02:45,FAILED,False,0,True,PAID_BUT_NOT_RECEIVED,0,0.1,0,AUTO_APPROVE_REFUND,VALID_DISPUTE: System timeout confirmed. Order failed and item was not delivered/consumed.
TXN_100090,485786976772,11267.22,2026-08-17 04:44:45,DELIVERED,True,14,False,NONE,0,0.05,0,PASS_NO_ACTION,Standard transaction - no active dispute claim.
TXN_100091,401770791023,2772.47,2026-08-21 13:00:45,DELIVERED,True,13,False,NONE,0,0.05,0,PASS_NO_ACTION,Standard transaction - no active dispute claim.
TXN_100092,459832398633,12053.3,2026-08-17 17:13:45,DELIVERED,True,9,True,PAID_BUT_NOT_RECEIVED,1,0.99,1,DEFEND_NPCI_DISPUTE,FRIENDLY_FRAUD_DETECTED: Product delivered and redeemed. Claim 'PAID_BUT_NOT_RECEIVED' contradicts delivery evidence.
TXN_100093,415896868772,5799.87,2026-08-08 04:27:45,DELIVERED,True,28,True,PAID_BUT_NOT_RECEIVED,1,0.9,1,DEFEND_NPCI_DISPUTE,FRIENDLY_FRAUD_DETECTED: Product delivered and redeemed. Claim 'PAID_BUT_NOT_RECEIVED' contradicts delivery evidence.
TXN_100094,432086369317,3073.64,2026-08-27 08:56:45,DELIVERED,True,6,False,NONE,0,0.05,0,PASS_NO_ACTION,Standard transaction - no active dispute claim.
TXN_100095,431042286266,452.6,2026-08-15 05:06:45,DELIVERED,True,13,True,PAID_BUT_NOT_RECEIVED,1,0.47,0,AUTO_APPROVE_REFUND,EDGE_CASE_TIMEOUT: Delayed redemption log misled initial evaluation.
TXN_100096,435769612716,12978.86,2026-08-19 03:02:45,DELIVERED,True,6,False,NONE,0,0.05,0,PASS_NO_ACTION,Standard transaction - no active dispute claim.
TXN_100097,471474619829,6055.21,2026-08-30 19:51:45,DELIVERED,True,6,False,NONE,0,0.05,0,PASS_NO_ACTION,Standard transaction - no active dispute claim.
TXN_100098,404033992825,1818.59,2026-08-18 07:28:45,DELIVERED,True,3,False,NONE,0,0.05,0,PASS_NO_ACTION,Standard transaction - no active dispute claim.
TXN_100099,438584055930,670.03,2026-09-02 13:46:45,DELIVERED,True,7,False,NONE,0,0.05,0,PASS_NO_ACTION,Standard transaction - no active dispute claim.
TXN_100100,446327356259,6602.27,2026-08-29 16:46:45,DELIVERED,True,2,False,NONE,0,0.05,0,PASS_NO_ACTION,Standard transaction - no active dispute claim.
TXN_100101,428246230573,3895.37,2026-08-26 06:27:45,DELIVERED,True,1,False,NONE,0,0.05,0,PASS_NO_ACTION,Standard transaction - no active dispute claim.
TXN_100102,476478381824,10334.17,2026-08-15 09:22:45,DELIVERED,True,12,True,PAID_BUT_NOT_RECEIVED,1,0.96,1,DEFEND_NPCI_DISPUTE,FRIENDLY_FRAUD_DETECTED: Product delivered and redeemed. Claim 'PAID_BUT_NOT_RECEIVED' contradicts delivery evidence.
TXN_100103,410442342819,14238.23,2026-08-21 10:49:45,DELIVERED,True,10,False,NONE,0,0.05,0,PASS_NO_ACTION,Standard transaction - no active dispute claim.
TXN_100104,491542570630,12735.43,2026-08-20 02:11:45,DELIVERED,True,9,False,NONE,0,0.05,0,PASS_NO_ACTION,Standard transaction - no active dispute claim.
TXN_100105,491522680726,6185.05,2026-08-24 17:41:45,FAILED,False,0,True,PAID_BUT_NOT_RECEIVED,0,0.02,0,AUTO_APPROVE_REFUND,VALID_DISPUTE: System timeout confirmed. Order failed and item was not delivered/consumed.
TXN_100106,441649192998,8360.75,2026-08-15 03:42:45,DELIVERED,True,7,False,NONE,0,0.05,0,PASS_NO_ACTION,Standard transaction - no active dispute claim.
TXN_100107,491822729791,11247.2,2026-08-14 08:15:45,DELIVERED,True,10,False,NONE,0,0.05,0,PASS_NO_ACTION,Standard transaction - no active dispute claim.
TXN_100108,441098994137,6150.52,2026-08-06 10:36:45,DELIVERED,True,10,True,PAID_BUT_NOT_RECEIVED,1,0.89,1,DEFEND_NPCI_DISPUTE,FRIENDLY_FRAUD_DETECTED: Product delivered and redeemed. Claim 'PAID_BUT_NOT_RECEIVED' contradicts delivery evidence.
TXN_100109,427002088812,6505.33,2026-09-01 19:39:45,DELIVERED,True,10,False,NONE,0,0.05,0,PASS_NO_ACTION,Standard transaction - no active dispute claim.
TXN_100110,445761612202,7028.32,2026-08-26 13:07:45,DELIVERED,True,11,False,NONE,0,0.05,0,PASS_NO_ACTION,Standard transaction - no active dispute claim.
TXN_100111,469637317274,7150.47,2026-08-14 03:30:45,DELIVERED,True,11,False,NONE,0,0.05,0,PASS_NO_ACTION,Standard transaction - no active dispute claim.
TXN_100112,439018899720,7780.23,2026-09-04 05:30:45,DELIVERED,True,10,False,NONE,0,0.05,0,PASS_NO_ACTION,Standard transaction - no active dispute claim.
TXN_100113,410029557211,12294.51,2026-08-17 02:42:45,FAILED,False,0,True,PAID_BUT_NOT_RECEIVED,0,0.08,0,AUTO_APPROVE_REFUND,VALID_DISPUTE: System timeout confirmed. Order failed and item was not delivered/consumed.
TXN_100114,441544341056,3447.15,2026-08-15 11:40:45,DELIVERED,True,5,True,PAID_BUT_NOT_RECEIVED,1,0.89,1,DEFEND_NPCI_DISPUTE,FRIENDLY_FRAUD_DETECTED: Product delivered and redeemed. Claim 'PAID_BUT_NOT_RECEIVED' contradicts delivery evidence.
TXN_100115,404399873551,3748.15,2026-08-28 01:08:45,DELIVERED,True,20,True,PAID_BUT_NOT_RECEIVED,1,0.92,1,DEFEND_NPCI_DISPUTE,FRIENDLY_FRAUD_DETECTED: Product delivered and redeemed. Claim 'PAID_BUT_NOT_RECEIVED' contradicts delivery evidence.
TXN_100116,460442337008,6275.17,2026-09-04 02:02:45,FAILED,False,0,True,PAID_BUT_NOT_RECEIVED,0,0.08,0,AUTO_APPROVE_REFUND,VALID_DISPUTE: System timeout confirmed. Order failed and item was not delivered/consumed.
TXN_100117,428242291466,10803.35,2026-08-23 21:34:45,DELIVERED,True,16,True,PAID_BUT_NOT_RECEIVED,1,0.93,1,DEFEND_NPCI_DISPUTE,FRIENDLY_FRAUD_DETECTED: Product delivered and redeemed. Claim 'PAID_BUT_NOT_RECEIVED' contradicts delivery evidence.
TXN_100118,431781267043,2298.81,2026-08-06 16:13:45,DELIVERED,True,15,False,NONE,0,0.05,0,PASS_NO_ACTION,Standard transaction - no active dispute claim.
TXN_100119,431890760083,2720.71,2026-08-29 23:54:45,FAILED,False,0,True,PAID_BUT_NOT_RECEIVED,0,0.09,0,AUTO_APPROVE_REFUND,VALID_DISPUTE: System timeout confirmed. Order failed and item was not delivered/consumed.
TXN_100120,406290193878,8405.35,2026-08-11 22:43:45,DELIVERED,True,8,False,NONE,0,0.05,0,PASS_NO_ACTION,Standard transaction - no active dispute claim.
TXN_100121,492189940734,8013.87,2026-08-31 20:39:45,DELIVERED,True,20,True,PAID_BUT_NOT_RECEIVED,1,0.94,1,DEFEND_NPCI_DISPUTE,FRIENDLY_FRAUD_DETECTED: Product delivered and redeemed. Claim 'PAID_BUT_NOT_RECEIVED' contradicts delivery evidence.
TXN_100122,483505217012,12243.6,2026-08-29 09:31:45,FAILED,False,0,True,PAID_BUT_NOT_RECEIVED,0,0.06,0,AUTO_APPROVE_REFUND,VALID_DISPUTE: System timeout confirmed. Order failed and item was not delivered/consumed.
TXN_100123,476909355449,6744.11,2026-08-13 16:00:45,DELIVERED,True,12,False,NONE,0,0.05,0,PASS_NO_ACTION,Standard transaction - no active dispute claim.
TXN_100124,468124601904,6806.04,2026-08-17 16:13:45,DELIVERED,True,14,False,NONE,0,0.05,0,PASS_NO_ACTION,Standard transaction - no active dispute claim.
TXN_100125,437098473391,11510.62,2026-08-30 03:33:45,DELIVERED,True,8,False,NONE,0,0.05,0,PASS_NO_ACTION,Standard transaction - no active dispute claim.
TXN_100126,432756635113,4191.5,2026-08-09 22:47:45,DELIVERED,True,12,False,NONE,0,0.05,0,PASS_NO_ACTION,Standard transaction - no active dispute claim.
TXN_100127,431291964145,4148.56,2026-08-20 23:22:45,DELIVERED,True,29,True,PAID_BUT_NOT_RECEIVED,1,0.93,1,DEFEND_NPCI_DISPUTE,FRIENDLY_FRAUD_DETECTED: Product delivered and redeemed. Claim 'PAID_BUT_NOT_RECEIVED' contradicts delivery evidence.
TXN_100128,410909870727,2161.77,2026-08-16 22:45:45,FAILED,False,0,True,PAID_BUT_NOT_RECEIVED,0,0.73,1,DEFEND_NPCI_DISPUTE,SUSPICIOUS_RETRY_PATTERN: Repeated dispute claims across multiple merchant endpoints.
TXN_100129,496134404563,2376.8,2026-08-16 03:51:45,DELIVERED,True,2,False,NONE,0,0.05,0,PASS_NO_ACTION,Standard transaction - no active dispute claim.
TXN_100130,457616418900,5030.13,2026-08-27 15:04:45,DELIVERED,True,7,False,NONE,0,0.05,0,PASS_NO_ACTION,Standard transaction - no active dispute claim.
TXN_100131,426037232988,12510.08,2026-08-24 03:34:45,DELIVERED,True,15,False,NONE,0,0.05,0,PASS_NO_ACTION,Standard transaction - no active dispute claim.
TXN_100132,480615659007,14196.32,2026-08-07 07:30:45,DELIVERED,True,14,False,NONE,0,0.05,0,PASS_NO_ACTION,Standard transaction - no active dispute claim.
TXN_100133,454012178783,7207.0,2026-08-22 10:22:45,DELIVERED,True,5,False,NONE,0,0.05,0,PASS_NO_ACTION,Standard transaction - no active dispute claim.
TXN_100134,454775758589,12816.37,2026-08-25 11:50:45,DELIVERED,True,9,False,NONE,0,0.05,0,PASS_NO_ACTION,Standard transaction - no active dispute claim.
TXN_100135,465371715916,3369.38,2026-08-26 06:12:45,FAILED,False,0,True,PAID_BUT_NOT_RECEIVED,0,0.08,0,AUTO_APPROVE_REFUND,VALID_DISPUTE: System timeout confirmed. Order failed and item was not delivered/consumed.
TXN_100136,402085816511,5893.97,2026-08-24 19:47:45,DELIVERED,True,12,False,NONE,0,0.05,0,PASS_NO_ACTION,Standard transaction - no active dispute claim.
TXN_100137,475687017337,501.8,2026-08-24 08:32:45,DELIVERED,True,10,False,NONE,0,0.05,0,PASS_NO_ACTION,Standard transaction - no active dispute claim.
TXN_100138,492618358326,503.82,2026-09-04 16:13:45,DELIVERED,True,14,True,PAID_BUT_NOT_RECEIVED,1,0.94,1,DEFEND_NPCI_DISPUTE,FRIENDLY_FRAUD_DETECTED: Product delivered and redeemed. Claim 'PAID_BUT_NOT_RECEIVED' contradicts delivery evidence.
TXN_100139,423457816221,849.24,2026-08-23 16:14:45,DELIVERED,True,6,False,NONE,0,0.05,0,PASS_NO_ACTION,Standard transaction - no active dispute claim.
TXN_100140,461038616156,4970.0,2026-08-23 16:16:45,FAILED,False,0,True,PAID_BUT_NOT_RECEIVED,0,0.04,0,AUTO_APPROVE_REFUND,VALID_DISPUTE: System timeout confirmed. Order failed and item was not delivered/consumed.
TXN_100141,436170345521,12540.17,2026-08-27 19:52:45,FAILED,False,0,True,PAID_BUT_NOT_RECEIVED,0,0.09,0,AUTO_APPROVE_REFUND,VALID_DISPUTE: System timeout confirmed. Order failed and item was not delivered/consumed.
TXN_100142,498867498374,8137.34,2026-08-22 08:25:45,DELIVERED,True,4,False,NONE,0,0.05,0,PASS_NO_ACTION,Standard transaction - no active dispute claim.
TXN_100143,411382282231,11740.37,2026-09-05 02:03:45,DELIVERED,True,1,False,NONE,0,0.05,0,PASS_NO_ACTION,Standard transaction - no active dispute claim.
TXN_100144,403239406957,14249.21,2026-08-15 11:55:45,DELIVERED,True,14,False,NONE,0,0.05,0,PASS_NO_ACTION,Standard transaction - no active dispute claim.
TXN_100145,481691910134,2370.5,2026-08-12 04:02:45,DELIVERED,True,8,False,NONE,0,0.05,0,PASS_NO_ACTION,Standard transaction - no active dispute claim.
TXN_100146,415760205745,8503.15,2026-08-16 08:14:45,DELIVERED,True,8,False,NONE,0,0.05,0,PASS_NO_ACTION,Standard transaction - no active dispute claim.
TXN_100147,437363917552,11526.78,2026-08-14 01:26:45,DELIVERED,True,20,True,PAID_BUT_NOT_RECEIVED,1,0.89,1,DEFEND_NPCI_DISPUTE,FRIENDLY_FRAUD_DETECTED: Product delivered and redeemed. Claim 'PAID_BUT_NOT_RECEIVED' contradicts delivery evidence.
TXN_100148,497701596735,1806.54,2026-08-13 21:02:45,DELIVERED,True,5,False,NONE,0,0.05,0,PASS_NO_ACTION,Standard transaction - no active dispute claim.
TXN_100149,477773691925,482.61,2026-08-20 14:54:45,DELIVERED,True,10,False,NONE,0,0.05,0,PASS_NO_ACTION,Standard transaction - no active dispute claim.
TXN_100150,455654928546,6010.15,2026-08-15 10:47:45,DELIVERED,True,2,False,NONE,0,0.05,0,PASS_NO_ACTION,Standard transaction - no active dispute claim.
TXN_100151,497032321460,12475.52,2026-08-17 11:25:45,FAILED,False,0,True,PAID_BUT_NOT_RECEIVED,0,0.03,0,AUTO_APPROVE_REFUND,VALID_DISPUTE: System timeout confirmed. Order failed and item was not delivered/consumed.
TXN_100152,494926943276,11609.97,2026-09-02 17:58:45,DELIVERED,True,13,False,NONE,0,0.05,0,PASS_NO_ACTION,Standard transaction - no active dispute claim.
TXN_100153,481534990643,11761.27,2026-08-22 05:24:45,DELIVERED,True,9,False,NONE,0,0.05,0,PASS_NO_ACTION,Standard transaction - no active dispute claim.
TXN_100154,492034182760,5621.51,2026-08-29 10:48:45,DELIVERED,True,11,False,NONE,0,0.05,0,PASS_NO_ACTION,Standard transaction - no active dispute claim.
TXN_100155,401465576748,12758.68,2026-08-28 17:35:45,FAILED,False,0,True,PAID_BUT_NOT_RECEIVED,0,0.1,0,AUTO_APPROVE_REFUND,VALID_DISPUTE: System timeout confirmed. Order failed and item was not delivered/consumed.
TXN_100156,456287860835,14415.73,2026-09-04 08:23:45,DELIVERED,True,15,False,NONE,0,0.05,0,PASS_NO_ACTION,Standard transaction - no active dispute claim.
TXN_100157,463688812930,10638.9,2026-08-26 05:50:45,DELIVERED,True,6,True,PAID_BUT_NOT_RECEIVED,1,0.98,1,DEFEND_NPCI_DISPUTE,FRIENDLY_FRAUD_DETECTED: Product delivered and redeemed. Claim 'PAID_BUT_NOT_RECEIVED' contradicts delivery evidence.
TXN_100158,471871103554,14485.56,2026-08-18 17:10:45,DELIVERED,True,20,True,PAID_BUT_NOT_RECEIVED,1,0.9,1,DEFEND_NPCI_DISPUTE,FRIENDLY_FRAUD_DETECTED: Product delivered and redeemed. Claim 'PAID_BUT_NOT_RECEIVED' contradicts delivery evidence.
TXN_100159,462206148127,6590.06,2026-09-02 09:18:45,DELIVERED,True,5,False,NONE,0,0.05,0,PASS_NO_ACTION,Standard transaction - no active dispute claim.
TXN_100160,412604105020,4256.03,2026-08-26 22:33:45,DELIVERED,True,8,True,PAID_BUT_NOT_RECEIVED,1,0.94,1,DEFEND_NPCI_DISPUTE,FRIENDLY_FRAUD_DETECTED: Product delivered and redeemed. Claim 'PAID_BUT_NOT_RECEIVED' contradicts delivery evidence.
TXN_100161,463352813247,8590.76,2026-08-23 16:07:45,DELIVERED,True,6,False,NONE,0,0.05,0,PASS_NO_ACTION,Standard transaction - no active dispute claim.
TXN_100162,464547774977,12779.2,2026-08-14 16:47:45,DELIVERED,True,16,True,PAID_BUT_NOT_RECEIVED,1,0.98,1,DEFEND_NPCI_DISPUTE,FRIENDLY_FRAUD_DETECTED: Product delivered and redeemed. Claim 'PAID_BUT_NOT_RECEIVED' contradicts delivery evidence.
TXN_100163,448155688071,11987.7,2026-08-21 21:54:45,DELIVERED,True,9,True,PAID_BUT_NOT_RECEIVED,1,0.89,1,DEFEND_NPCI_DISPUTE,FRIENDLY_FRAUD_DETECTED: Product delivered and redeemed. Claim 'PAID_BUT_NOT_RECEIVED' contradicts delivery evidence.
TXN_100164,485385324134,10547.64,2026-08-18 23:55:45,DELIVERED,True,9,False,NONE,0,0.05,0,PASS_NO_ACTION,Standard transaction - no active dispute claim.
TXN_100165,468763075434,14226.13,2026-08-10 07:40:45,DELIVERED,True,4,False,NONE,0,0.05,0,PASS_NO_ACTION,Standard transaction - no active dispute claim.
TXN_100166,458927271989,7379.81,2026-08-17 08:39:45,DELIVERED,True,23,True,PAID_BUT_NOT_RECEIVED,1,0.93,1,DEFEND_NPCI_DISPUTE,FRIENDLY_FRAUD_DETECTED: Product delivered and redeemed. Claim 'PAID_BUT_NOT_RECEIVED' contradicts delivery evidence.
TXN_100167,487944150250,10706.45,2026-08-26 19:41:45,DELIVERED,True,13,False,NONE,0,0.05,0,PASS_NO_ACTION,Standard transaction - no active dispute claim.
TXN_100168,408663993845,4484.11,2026-08-24 19:52:45,DELIVERED,True,12,False,NONE,0,0.05,0,PASS_NO_ACTION,Standard transaction - no active dispute claim.
TXN_100169,439699693379,9993.0,2026-08-23 05:14:45,DELIVERED,True,8,False,NONE,0,0.05,0,PASS_NO_ACTION,Standard transaction - no active dispute claim.
TXN_100170,471096624966,5221.99,2026-08-31 11:20:45,DELIVERED,True,6,False,NONE,0,0.05,0,PASS_NO_ACTION,Standard transaction - no active dispute claim.
TXN_100171,496000295209,6860.8,2026-08-20 09:04:45,DELIVERED,True,9,True,PAID_BUT_NOT_RECEIVED,1,0.97,1,DEFEND_NPCI_DISPUTE,FRIENDLY_FRAUD_DETECTED: Product delivered and redeemed. Claim 'PAID_BUT_NOT_RECEIVED' contradicts delivery evidence.
TXN_100172,413875055243,10847.14,2026-08-20 18:49:45,DELIVERED,True,2,False,NONE,0,0.05,0,PASS_NO_ACTION,Standard transaction - no active dispute claim.
TXN_100173,476205093898,14268.08,2026-08-14 20:23:45,DELIVERED,True,4,False,NONE,0,0.05,0,PASS_NO_ACTION,Standard transaction - no active dispute claim.
TXN_100174,499713612762,7314.56,2026-09-02 06:09:45,DELIVERED,True,13,False,NONE,0,0.05,0,PASS_NO_ACTION,Standard transaction - no active dispute claim.
TXN_100175,483857676819,4316.68,2026-08-10 23:58:45,DELIVERED,True,27,True,PAID_BUT_NOT_RECEIVED,1,0.45,0,AUTO_APPROVE_REFUND,EDGE_CASE_TIMEOUT: Delayed redemption log misled initial evaluation.
TXN_100176,439488434329,3489.5,2026-08-14 14:09:45,DELIVERED,True,5,False,NONE,0,0.05,0,PASS_NO_ACTION,Standard transaction - no active dispute claim.
TXN_100177,494550047269,8058.61,2026-08-18 21:47:45,DELIVERED,True,2,True,PAID_BUT_NOT_RECEIVED,1,0.9,1,DEFEND_NPCI_DISPUTE,FRIENDLY_FRAUD_DETECTED: Product delivered and redeemed. Claim 'PAID_BUT_NOT_RECEIVED' contradicts delivery evidence.
TXN_100178,408479532170,8345.05,2026-08-12 04:05:45,DELIVERED,True,11,False,NONE,0,0.05,0,PASS_NO_ACTION,Standard transaction - no active dispute claim.
TXN_100179,414993209840,13103.52,2026-09-01 13:11:45,FAILED,False,0,True,PAID_BUT_NOT_RECEIVED,0,0.05,0,AUTO_APPROVE_REFUND,VALID_DISPUTE: System timeout confirmed. Order failed and item was not delivered/consumed.
TXN_100180,465645737553,7232.84,2026-08-21 22:18:45,DELIVERED,True,3,False,NONE,0,0.05,0,PASS_NO_ACTION,Standard transaction - no active dispute claim.
TXN_100181,408441748123,3861.93,2026-08-28 03:58:45,DELIVERED,True,2,False,NONE,0,0.05,0,PASS_NO_ACTION,Standard transaction - no active dispute claim.
TXN_100182,412120894428,6070.54,2026-08-09 19:05:45,DELIVERED,True,10,False,NONE,0,0.05,0,PASS_NO_ACTION,Standard transaction - no active dispute claim.
TXN_100183,492897761932,898.78,2026-08-13 05:07:45,FAILED,False,0,True,PAID_BUT_NOT_RECEIVED,0,0.05,0,AUTO_APPROVE_REFUND,VALID_DISPUTE: System timeout confirmed. Order failed and item was not delivered/consumed.
TXN_100184,480793240013,14241.97,2026-08-10 07:12:45,FAILED,False,0,True,PAID_BUT_NOT_RECEIVED,0,0.09,0,AUTO_APPROVE_REFUND,VALID_DISPUTE: System timeout confirmed. Order failed and item was not delivered/consumed.
TXN_100185,434333616916,1864.93,2026-08-25 08:44:45,DELIVERED,True,10,False,NONE,0,0.05,0,PASS_NO_ACTION,Standard transaction - no active dispute claim.
TXN_100186,432720857666,11657.83,2026-08-23 17:38:45,DELIVERED,True,15,True,PAID_BUT_NOT_RECEIVED,1,0.99,1,DEFEND_NPCI_DISPUTE,FRIENDLY_FRAUD_DETECTED: Product delivered and redeemed. Claim 'PAID_BUT_NOT_RECEIVED' contradicts delivery evidence.
TXN_100187,464031538749,4530.56,2026-09-02 04:59:45,DELIVERED,True,14,True,PAID_BUT_NOT_RECEIVED,1,0.91,1,DEFEND_NPCI_DISPUTE,FRIENDLY_FRAUD_DETECTED: Product delivered and redeemed. Claim 'PAID_BUT_NOT_RECEIVED' contradicts delivery evidence.
TXN_100188,478621009477,9353.31,2026-09-03 04:02:45,DELIVERED,True,12,False,NONE,0,0.05,0,PASS_NO_ACTION,Standard transaction - no active dispute claim.
TXN_100189,429045734699,9420.17,2026-08-18 11:13:45,DELIVERED,True,11,False,NONE,0,0.05,0,PASS_NO_ACTION,Standard transaction - no active dispute claim.
TXN_100190,421823534004,3673.99,2026-08-31 13:05:45,DELIVERED,True,2,False,NONE,0,0.05,0,PASS_NO_ACTION,Standard transaction - no active dispute claim.
TXN_100191,400672302490,6186.91,2026-09-02 10:46:45,DELIVERED,True,8,False,NONE,0,0.05,0,PASS_NO_ACTION,Standard transaction - no active dispute claim.
TXN_100192,405545916432,3549.0,2026-08-19 06:58:45,FAILED,False,0,True,PAID_BUT_NOT_RECEIVED,0,0.04,0,AUTO_APPROVE_REFUND,VALID_DISPUTE: System timeout confirmed. Order failed and item was not delivered/consumed.
TXN_100193,410539984290,10342.04,2026-08-18 11:07:45,FAILED,False,0,True,PAID_BUT_NOT_RECEIVED,0,0.01,0,AUTO_APPROVE_REFUND,VALID_DISPUTE: System timeout confirmed. Order failed and item was not delivered/consumed.
TXN_100194,479994015016,9951.63,2026-08-15 10:14:45,DELIVERED,True,14,True,PAID_BUT_NOT_RECEIVED,1,0.94,1,DEFEND_NPCI_DISPUTE,FRIENDLY_FRAUD_DETECTED: Product delivered and redeemed. Claim 'PAID_BUT_NOT_RECEIVED' contradicts delivery evidence.
TXN_100195,473507404483,3449.66,2026-08-13 04:54:45,DELIVERED,True,15,False,NONE,0,0.05,0,PASS_NO_ACTION,Standard transaction - no active dispute claim.
TXN_100196,409200834792,988.61,2026-08-20 10:09:45,DELIVERED,True,10,False,NONE,0,0.05,0,PASS_NO_ACTION,Standard transaction - no active dispute claim.
TXN_100197,461369115197,1952.87,2026-08-20 06:18:45,DELIVERED,True,23,True,PAID_BUT_NOT_RECEIVED,1,0.91,1,DEFEND_NPCI_DISPUTE,FRIENDLY_FRAUD_DETECTED: Product delivered and redeemed. Claim 'PAID_BUT_NOT_RECEIVED' contradicts delivery evidence.
TXN_100198,469888765221,8145.73,2026-08-26 08:18:45,FAILED,False,0,True,PAID_BUT_NOT_RECEIVED,0,0.04,0,AUTO_APPROVE_REFUND,VALID_DISPUTE: System timeout confirmed. Order failed and item was not delivered/consumed.
TXN_100199,481949873752,693.93,2026-08-26 02:03:45,FAILED,False,0,True,PAID_BUT_NOT_RECEIVED,0,0.06,0,AUTO_APPROVE_REFUND,VALID_DISPUTE: System timeout confirmed. Order failed and item was not delivered/consumed.
TXN_100200,446104472157,9095.33,2026-08-07 14:25:45,DELIVERED,True,3,True,PAID_BUT_NOT_RECEIVED,1,0.91,1,DEFEND_NPCI_DISPUTE,FRIENDLY_FRAUD_DETECTED: Product delivered and redeemed. Claim 'PAID_BUT_NOT_RECEIVED' contradicts delivery evidence.
TXN_100201,481005303147,8848.13,2026-08-07 08:49:45,DELIVERED,True,25,True,PAID_BUT_NOT_RECEIVED,1,0.96,1,DEFEND_NPCI_DISPUTE,FRIENDLY_FRAUD_DETECTED: Product delivered and redeemed. Claim 'PAID_BUT_NOT_RECEIVED' contradicts delivery evidence.
TXN_100202,478466952366,699.45,2026-08-14 09:31:45,DELIVERED,True,8,False,NONE,0,0.05,0,PASS_NO_ACTION,Standard transaction - no active dispute claim.
TXN_100203,488128278634,6689.22,2026-08-19 01:59:45,DELIVERED,True,3,False,NONE,0,0.05,0,PASS_NO_ACTION,Standard transaction - no active dispute claim.
TXN_100204,481591259548,6594.69,2026-08-28 19:15:45,FAILED,False,0,True,PAID_BUT_NOT_RECEIVED,0,0.09,0,AUTO_APPROVE_REFUND,VALID_DISPUTE: System timeout confirmed. Order failed and item was not delivered/consumed.
TXN_100205,412751995138,7103.15,2026-08-25 00:11:45,DELIVERED,True,11,True,PAID_BUT_NOT_RECEIVED,1,0.95,1,DEFEND_NPCI_DISPUTE,FRIENDLY_FRAUD_DETECTED: Product delivered and redeemed. Claim 'PAID_BUT_NOT_RECEIVED' contradicts delivery evidence.
TXN_100206,491573247933,1658.54,2026-08-13 17:49:45,DELIVERED,True,6,False,NONE,0,0.05,0,PASS_NO_ACTION,Standard transaction - no active dispute claim.
TXN_100207,496257282718,7482.49,2026-08-24 15:34:45,DELIVERED,True,14,False,NONE,0,0.05,0,PASS_NO_ACTION,Standard transaction - no active dispute claim.
TXN_100208,476280765693,646.79,2026-08-10 10:21:45,DELIVERED,True,11,True,PAID_BUT_NOT_RECEIVED,1,0.94,1,DEFEND_NPCI_DISPUTE,FRIENDLY_FRAUD_DETECTED: Product delivered and redeemed. Claim 'PAID_BUT_NOT_RECEIVED' contradicts delivery evidence.
TXN_100209,444033717762,1827.23,2026-08-24 19:38:45,DELIVERED,True,14,False,NONE,0,0.05,0,PASS_NO_ACTION,Standard transaction - no active dispute claim.
TXN_100210,404243939720,9899.14,2026-08-31 02:49:45,DELIVERED,True,8,False,NONE,0,0.05,0,PASS_NO_ACTION,Standard transaction - no active dispute claim.
TXN_100211,406069852114,2894.98,2026-08-22 21:19:45,DELIVERED,True,10,False,NONE,0,0.05,0,PASS_NO_ACTION,Standard transaction - no active dispute claim.
TXN_100212,467673408059,9418.59,2026-08-08 18:32:45,DELIVERED,True,7,True,PAID_BUT_NOT_RECEIVED,1,0.97,1,DEFEND_NPCI_DISPUTE,FRIENDLY_FRAUD_DETECTED: Product delivered and redeemed. Claim 'PAID_BUT_NOT_RECEIVED' contradicts delivery evidence.
TXN_100213,474161441848,2052.1,2026-08-19 12:46:45,DELIVERED,True,15,True,PAID_BUT_NOT_RECEIVED,1,0.9,1,DEFEND_NPCI_DISPUTE,FRIENDLY_FRAUD_DETECTED: Product delivered and redeemed. Claim 'PAID_BUT_NOT_RECEIVED' contradicts delivery evidence.
TXN_100214,498272487905,7322.21,2026-08-07 17:41:45,DELIVERED,True,11,False,NONE,0,0.05,0,PASS_NO_ACTION,Standard transaction - no active dispute claim.
TXN_100215,495517055292,2459.83,2026-08-31 11:49:45,DELIVERED,True,1,True,PAID_BUT_NOT_RECEIVED,1,0.94,1,DEFEND_NPCI_DISPUTE,FRIENDLY_FRAUD_DETECTED: Product delivered and redeemed. Claim 'PAID_BUT_NOT_RECEIVED' contradicts delivery evidence.
TXN_100216,458206476598,1488.82,2026-08-11 14:05:45,DELIVERED,True,8,False,NONE,0,0.05,0,PASS_NO_ACTION,Standard transaction - no active dispute claim.
TXN_100217,416952496822,9750.87,2026-08-13 10:20:45,DELIVERED,True,8,False,NONE,0,0.05,0,PASS_NO_ACTION,Standard transaction - no active dispute claim.
TXN_100218,498494994908,4448.74,2026-08-18 20:49:45,DELIVERED,True,14,True,PAID_BUT_NOT_RECEIVED,1,0.88,1,DEFEND_NPCI_DISPUTE,FRIENDLY_FRAUD_DETECTED: Product delivered and redeemed. Claim 'PAID_BUT_NOT_RECEIVED' contradicts delivery evidence.
TXN_100219,468009621472,14705.65,2026-08-17 12:23:45,DELIVERED,True,15,True,PAID_BUT_NOT_RECEIVED,1,0.9,1,DEFEND_NPCI_DISPUTE,FRIENDLY_FRAUD_DETECTED: Product delivered and redeemed. Claim 'PAID_BUT_NOT_RECEIVED' contradicts delivery evidence.
TXN_100220,419547534656,5815.43,2026-09-02 16:50:45,DELIVERED,True,17,True,PAID_BUT_NOT_RECEIVED,1,0.9,1,DEFEND_NPCI_DISPUTE,FRIENDLY_FRAUD_DETECTED: Product delivered and redeemed. Claim 'PAID_BUT_NOT_RECEIVED' contradicts delivery evidence.
TXN_100221,434659570391,11612.86,2026-08-25 07:23:45,DELIVERED,True,11,True,PAID_BUT_NOT_RECEIVED,1,0.92,1,DEFEND_NPCI_DISPUTE,FRIENDLY_FRAUD_DETECTED: Product delivered and redeemed. Claim 'PAID_BUT_NOT_RECEIVED' contradicts delivery evidence.
TXN_100222,436540455091,12326.19,2026-08-19 07:06:45,DELIVERED,True,12,False,NONE,0,0.05,0,PASS_NO_ACTION,Standard transaction - no active dispute claim.
TXN_100223,479830289645,14983.64,2026-08-28 16:59:45,DELIVERED,True,14,False,NONE,0,0.05,0,PASS_NO_ACTION,Standard transaction - no active dispute claim.
TXN_100224,460767754594,8124.85,2026-08-22 03:08:45,DELIVERED,True,6,False,NONE,0,0.05,0,PASS_NO_ACTION,Standard transaction - no active dispute claim.
TXN_100225,453873621917,6884.63,2026-08-21 01:38:45,DELIVERED,True,14,False,NONE,0,0.05,0,PASS_NO_ACTION,Standard transaction - no active dispute claim.
TXN_100226,433060504030,8619.78,2026-08-17 01:16:45,DELIVERED,True,14,False,NONE,0,0.05,0,PASS_NO_ACTION,Standard transaction - no active dispute claim.
TXN_100227,459165513007,750.34,2026-08-27 22:46:45,FAILED,False,0,True,PAID_BUT_NOT_RECEIVED,0,0.03,0,AUTO_APPROVE_REFUND,VALID_DISPUTE: System timeout confirmed. Order failed and item was not delivered/consumed.
TXN_100228,455024582255,5852.57,2026-09-05 02:20:45,DELIVERED,True,3,False,NONE,0,0.05,0,PASS_NO_ACTION,Standard transaction - no active dispute claim.
TXN_100229,417338867216,7584.14,2026-09-02 06:48:45,FAILED,False,0,True,PAID_BUT_NOT_RECEIVED,0,0.02,0,AUTO_APPROVE_REFUND,VALID_DISPUTE: System timeout confirmed. Order failed and item was not delivered/consumed.
TXN_100230,463758958832,1585.7,2026-08-27 05:15:45,DELIVERED,True,1,True,PAID_BUT_NOT_RECEIVED,1,0.98,1,DEFEND_NPCI_DISPUTE,FRIENDLY_FRAUD_DETECTED: Product delivered and redeemed. Claim 'PAID_BUT_NOT_RECEIVED' contradicts delivery evidence.
TXN_100231,420282741795,6208.68,2026-09-05 05:21:45,DELIVERED,True,5,True,PAID_BUT_NOT_RECEIVED,1,0.95,1,DEFEND_NPCI_DISPUTE,FRIENDLY_FRAUD_DETECTED: Product delivered and redeemed. Claim 'PAID_BUT_NOT_RECEIVED' contradicts delivery evidence.
TXN_100232,464745894332,11744.73,2026-08-18 11:38:45,DELIVERED,True,6,False,NONE,0,0.05,0,PASS_NO_ACTION,Standard transaction - no active dispute claim.
TXN_100233,497166159255,6022.5,2026-08-10 01:53:45,DELIVERED,True,14,False,NONE,0,0.05,0,PASS_NO_ACTION,Standard transaction - no active dispute claim.
TXN_100234,453831497941,14316.68,2026-09-03 22:47:45,DELIVERED,True,12,False,NONE,0,0.05,0,PASS_NO_ACTION,Standard transaction - no active dispute claim.
TXN_100235,406618613389,9300.15,2026-08-17 02:35:45,DELIVERED,True,11,False,NONE,0,0.05,0,PASS_NO_ACTION,Standard transaction - no active dispute claim.
TXN_100236,499761293937,1446.65,2026-08-10 21:41:45,DELIVERED,True,25,True,PAID_BUT_NOT_RECEIVED,1,0.94,1,DEFEND_NPCI_DISPUTE,FRIENDLY_FRAUD_DETECTED: Product delivered and redeemed. Claim 'PAID_BUT_NOT_RECEIVED' contradicts delivery evidence.
TXN_100237,497211206703,13101.43,2026-08-26 14:46:45,DELIVERED,True,3,False,NONE,0,0.05,0,PASS_NO_ACTION,Standard transaction - no active dispute claim.
TXN_100238,441635417962,13561.02,2026-08-08 12:24:45,DELIVERED,True,6,False,NONE,0,0.05,0,PASS_NO_ACTION,Standard transaction - no active dispute claim.
TXN_100239,407714377458,4471.18,2026-08-23 11:35:45,DELIVERED,True,14,True,PAID_BUT_NOT_RECEIVED,1,0.91,1,DEFEND_NPCI_DISPUTE,FRIENDLY_FRAUD_DETECTED: Product delivered and redeemed. Claim 'PAID_BUT_NOT_RECEIVED' contradicts delivery evidence.
TXN_100240,430689988576,8014.38,2026-09-01 04:18:45,DELIVERED,True,11,False,NONE,0,0.05,0,PASS_NO_ACTION,Standard transaction - no active dispute claim.
TXN_100241,424878681702,2632.76,2026-08-10 00:25:45,FAILED,False,0,True,PAID_BUT_NOT_RECEIVED,0,0.11,0,AUTO_APPROVE_REFUND,VALID_DISPUTE: System timeout confirmed. Order failed and item was not delivered/consumed.
TXN_100242,483247393883,10278.71,2026-08-29 01:45:45,FAILED,False,0,True,PAID_BUT_NOT_RECEIVED,0,0.08,0,AUTO_APPROVE_REFUND,VALID_DISPUTE: System timeout confirmed. Order failed and item was not delivered/consumed.
TXN_100243,481229982109,2232.45,2026-08-27 09:51:45,FAILED,False,0,True,PAID_BUT_NOT_RECEIVED,0,0.05,0,AUTO_APPROVE_REFUND,VALID_DISPUTE: System timeout confirmed. Order failed and item was not delivered/consumed.
TXN_100244,437099517893,6947.6,2026-08-06 20:25:45,DELIVERED,True,15,False,NONE,0,0.05,0,PASS_NO_ACTION,Standard transaction - no active dispute claim.
TXN_100245,463585414880,13528.02,2026-08-31 07:11:45,DELIVERED,True,3,False,NONE,0,0.05,0,PASS_NO_ACTION,Standard transaction - no active dispute claim.
TXN_100246,460446776592,14184.01,2026-09-02 03:57:45,FAILED,False,0,True,PAID_BUT_NOT_RECEIVED,0,0.11,0,AUTO_APPROVE_REFUND,VALID_DISPUTE: System timeout confirmed. Order failed and item was not delivered/consumed.
TXN_100247,487184203626,14434.23,2026-08-17 19:20:45,DELIVERED,True,8,False,NONE,0,0.05,0,PASS_NO_ACTION,Standard transaction - no active dispute claim.
TXN_100248,442285258394,3068.33,2026-08-23 22:21:45,FAILED,False,0,True,PAID_BUT_NOT_RECEIVED,0,0.1,0,AUTO_APPROVE_REFUND,VALID_DISPUTE: System timeout confirmed. Order failed and item was not delivered/consumed.
TXN_100249,468089557330,1689.13,2026-08-23 18:43:45,FAILED,False,0,True,PAID_BUT_NOT_RECEIVED,0,0.02,0,AUTO_APPROVE_REFUND,VALID_DISPUTE: System timeout confirmed. Order failed and item was not delivered/consumed.
TXN_100250,449701029528,8664.7,2026-08-19 20:38:45,FAILED,False,0,True,PAID_BUT_NOT_RECEIVED,0,0.11,0,AUTO_APPROVE_REFUND,VALID_DISPUTE: System timeout confirmed. Order failed and item was not delivered/consumed.
TXN_100251,493759297403,5997.51,2026-08-06 19:00:45,DELIVERED,True,10,False,NONE,0,0.05,0,PASS_NO_ACTION,Standard transaction - no active dispute claim.
TXN_100252,493909749400,11696.84,2026-08-08 15:44:45,DELIVERED,True,15,False,NONE,0,0.05,0,PASS_NO_ACTION,Standard transaction - no active dispute claim.
TXN_100253,433495849178,9145.27,2026-08-22 10:59:45,FAILED,False,0,True,PAID_BUT_NOT_RECEIVED,0,0.01,0,AUTO_APPROVE_REFUND,VALID_DISPUTE: System timeout confirmed. Order failed and item was not delivered/consumed.
TXN_100254,486839963238,2932.97,2026-08-17 19:55:45,DELIVERED,True,11,False,NONE,0,0.05,0,PASS_NO_ACTION,Standard transaction - no active dispute claim.
TXN_100255,493490575089,10244.74,2026-08-12 15:33:45,DELIVERED,True,11,False,NONE,0,0.05,0,PASS_NO_ACTION,Standard transaction - no active dispute claim.
TXN_100256,488594257977,687.4,2026-08-26 11:39:45,DELIVERED,True,1,False,NONE,0,0.05,0,PASS_NO_ACTION,Standard transaction - no active dispute claim.
TXN_100257,449733890788,11012.16,2026-08-10 12:36:45,FAILED,False,0,True,PAID_BUT_NOT_RECEIVED,0,0.08,0,AUTO_APPROVE_REFUND,VALID_DISPUTE: System timeout confirmed. Order failed and item was not delivered/consumed.
TXN_100258,442561527386,4968.11,2026-08-25 08:00:45,DELIVERED,True,6,True,PAID_BUT_NOT_RECEIVED,1,0.43,0,AUTO_APPROVE_REFUND,EDGE_CASE_TIMEOUT: Delayed redemption log misled initial evaluation.
TXN_100259,418042276277,11819.04,2026-08-23 01:46:45,DELIVERED,True,9,False,NONE,0,0.05,0,PASS_NO_ACTION,Standard transaction - no active dispute claim.
TXN_100260,435066451290,13719.33,2026-08-28 08:28:45,DELIVERED,True,13,False,NONE,0,0.05,0,PASS_NO_ACTION,Standard transaction - no active dispute claim.
TXN_100261,446687999440,12083.06,2026-08-27 17:42:45,DELIVERED,True,3,True,PAID_BUT_NOT_RECEIVED,1,0.96,1,DEFEND_NPCI_DISPUTE,FRIENDLY_FRAUD_DETECTED: Product delivered and redeemed. Claim 'PAID_BUT_NOT_RECEIVED' contradicts delivery evidence.
TXN_100262,434215857886,12916.09,2026-08-24 12:14:45,FAILED,False,0,True,PAID_BUT_NOT_RECEIVED,0,0.03,0,AUTO_APPROVE_REFUND,VALID_DISPUTE: System timeout confirmed. Order failed and item was not delivered/consumed.
TXN_100263,476470121639,5550.05,2026-08-24 09:08:45,DELIVERED,True,1,False,NONE,0,0.05,0,PASS_NO_ACTION,Standard transaction - no active dispute claim.
TXN_100264,474150284980,1941.47,2026-08-23 04:45:45,DELIVERED,True,11,False,NONE,0,0.05,0,PASS_NO_ACTION,Standard transaction - no active dispute claim.
TXN_100265,493411293563,4006.2,2026-08-23 18:20:45,FAILED,False,0,True,PAID_BUT_NOT_RECEIVED,0,0.04,0,AUTO_APPROVE_REFUND,VALID_DISPUTE: System timeout confirmed. Order failed and item was not delivered/consumed.
TXN_100266,489431601323,14110.35,2026-08-11 08:30:45,DELIVERED,True,22,True,PAID_BUT_NOT_RECEIVED,1,0.96,1,DEFEND_NPCI_DISPUTE,FRIENDLY_FRAUD_DETECTED: Product delivered and redeemed. Claim 'PAID_BUT_NOT_RECEIVED' contradicts delivery evidence.
TXN_100267,465428766878,472.87,2026-08-31 23:22:45,DELIVERED,True,11,True,PAID_BUT_NOT_RECEIVED,1,0.97,1,DEFEND_NPCI_DISPUTE,FRIENDLY_FRAUD_DETECTED: Product delivered and redeemed. Claim 'PAID_BUT_NOT_RECEIVED' contradicts delivery evidence.
TXN_100268,485535372823,3398.37,2026-08-09 07:12:45,DELIVERED,True,21,True,PAID_BUT_NOT_RECEIVED,1,0.94,1,DEFEND_NPCI_DISPUTE,FRIENDLY_FRAUD_DETECTED: Product delivered and redeemed. Claim 'PAID_BUT_NOT_RECEIVED' contradicts delivery evidence.
TXN_100269,463667973944,13649.88,2026-08-20 04:14:45,DELIVERED,True,11,False,NONE,0,0.05,0,PASS_NO_ACTION,Standard transaction - no active dispute claim.
TXN_100270,414638519259,2182.68,2026-08-08 02:48:45,DELIVERED,True,5,False,NONE,0,0.05,0,PASS_NO_ACTION,Standard transaction - no active dispute claim.
TXN_100271,468701984934,1830.2,2026-08-17 02:37:45,DELIVERED,True,29,True,PAID_BUT_NOT_RECEIVED,1,0.92,1,DEFEND_NPCI_DISPUTE,FRIENDLY_FRAUD_DETECTED: Product delivered and redeemed. Claim 'PAID_BUT_NOT_RECEIVED' contradicts delivery evidence.
TXN_100272,419488614274,5890.82,2026-08-23 07:24:45,DELIVERED,True,22,True,PAID_BUT_NOT_RECEIVED,1,0.91,1,DEFEND_NPCI_DISPUTE,FRIENDLY_FRAUD_DETECTED: Product delivered and redeemed. Claim 'PAID_BUT_NOT_RECEIVED' contradicts delivery evidence.
TXN_100273,458154683949,8851.37,2026-08-13 10:56:45,FAILED,False,0,True,PAID_BUT_NOT_RECEIVED,0,0.05,0,AUTO_APPROVE_REFUND,VALID_DISPUTE: System timeout confirmed. Order failed and item was not delivered/consumed.
TXN_100274,459637398109,9858.34,2026-08-28 16:39:45,FAILED,False,0,True,PAID_BUT_NOT_RECEIVED,0,0.08,0,AUTO_APPROVE_REFUND,VALID_DISPUTE: System timeout confirmed. Order failed and item was not delivered/consumed.
TXN_100275,458478780977,14091.89,2026-08-19 03:43:45,DELIVERED,True,1,False,NONE,0,0.05,0,PASS_NO_ACTION,Standard transaction - no active dispute claim.
TXN_100276,450209373135,3337.32,2026-08-26 15:53:45,DELIVERED,True,4,False,NONE,0,0.05,0,PASS_NO_ACTION,Standard transaction - no active dispute claim.
TXN_100277,450918770857,1580.38,2026-08-23 03:23:45,DELIVERED,True,18,True,PAID_BUT_NOT_RECEIVED,1,0.94,1,DEFEND_NPCI_DISPUTE,FRIENDLY_FRAUD_DETECTED: Product delivered and redeemed. Claim 'PAID_BUT_NOT_RECEIVED' contradicts delivery evidence.
TXN_100278,450014150304,1002.2,2026-08-18 23:30:45,DELIVERED,True,7,True,PAID_BUT_NOT_RECEIVED,1,0.93,1,DEFEND_NPCI_DISPUTE,FRIENDLY_FRAUD_DETECTED: Product delivered and redeemed. Claim 'PAID_BUT_NOT_RECEIVED' contradicts delivery evidence.
TXN_100279,417043318752,14240.26,2026-08-27 02:50:45,DELIVERED,True,3,True,PAID_BUT_NOT_RECEIVED,1,0.96,1,DEFEND_NPCI_DISPUTE,FRIENDLY_FRAUD_DETECTED: Product delivered and redeemed. Claim 'PAID_BUT_NOT_RECEIVED' contradicts delivery evidence.
TXN_100280,428616373834,9661.4,2026-09-02 14:24:45,DELIVERED,True,1,True,PAID_BUT_NOT_RECEIVED,1,0.88,1,DEFEND_NPCI_DISPUTE,FRIENDLY_FRAUD_DETECTED: Product delivered and redeemed. Claim 'PAID_BUT_NOT_RECEIVED' contradicts delivery evidence.
TXN_100281,431497181986,14833.43,2026-09-01 02:50:45,FAILED,False,0,True,PAID_BUT_NOT_RECEIVED,0,0.03,0,AUTO_APPROVE_REFUND,VALID_DISPUTE: System timeout confirmed. Order failed and item was not delivered/consumed.
TXN_100282,409471285830,12464.29,2026-08-31 15:30:45,DELIVERED,True,4,False,NONE,0,0.05,0,PASS_NO_ACTION,Standard transaction - no active dispute claim.
TXN_100283,428288299962,12214.49,2026-08-17 00:39:45,DELIVERED,True,6,False,NONE,0,0.05,0,PASS_NO_ACTION,Standard transaction - no active dispute claim.
TXN_100284,420505756910,11850.79,2026-09-02 13:08:45,DELIVERED,True,1,False,NONE,0,0.05,0,PASS_NO_ACTION,Standard transaction - no active dispute claim.
TXN_100285,421406237849,14814.16,2026-08-31 00:13:45,DELIVERED,True,5,False,NONE,0,0.05,0,PASS_NO_ACTION,Standard transaction - no active dispute claim.
TXN_100286,424904427237,1737.9,2026-08-07 14:19:45,DELIVERED,True,3,False,NONE,0,0.05,0,PASS_NO_ACTION,Standard transaction - no active dispute claim.
TXN_100287,447308464867,11870.77,2026-08-17 06:03:45,DELIVERED,True,10,False,NONE,0,0.05,0,PASS_NO_ACTION,Standard transaction - no active dispute claim.
TXN_100288,401390587865,2696.27,2026-08-08 19:24:45,DELIVERED,True,3,False,NONE,0,0.05,0,PASS_NO_ACTION,Standard transaction - no active dispute claim.
TXN_100289,459020229659,7938.67,2026-08-09 07:35:45,DELIVERED,True,8,False,NONE,0,0.05,0,PASS_NO_ACTION,Standard transaction - no active dispute claim.
TXN_100290,470274422288,8945.62,2026-08-26 23:52:45,DELIVERED,True,9,False,NONE,0,0.05,0,PASS_NO_ACTION,Standard transaction - no active dispute claim.
TXN_100291,406936831070,10935.92,2026-09-05 09:51:45,DELIVERED,True,9,False,NONE,0,0.05,0,PASS_NO_ACTION,Standard transaction - no active dispute claim.
TXN_100292,461425034553,9685.78,2026-08-07 20:11:45,DELIVERED,True,1,False,NONE,0,0.05,0,PASS_NO_ACTION,Standard transaction - no active dispute claim.
TXN_100293,468713406910,12724.75,2026-08-25 19:46:45,DELIVERED,True,22,True,PAID_BUT_NOT_RECEIVED,1,0.98,1,DEFEND_NPCI_DISPUTE,FRIENDLY_FRAUD_DETECTED: Product delivered and redeemed. Claim 'PAID_BUT_NOT_RECEIVED' contradicts delivery evidence.
TXN_100294,464888201959,10714.78,2026-08-26 14:39:45,DELIVERED,True,2,False,NONE,0,0.05,0,PASS_NO_ACTION,Standard transaction - no active dispute claim.
TXN_100295,412452255945,4899.47,2026-08-13 04:11:45,DELIVERED,True,2,False,NONE,0,0.05,0,PASS_NO_ACTION,Standard transaction - no active dispute claim.
TXN_100296,434901727116,9402.33,2026-09-02 01:32:45,DELIVERED,True,9,False,NONE,0,0.05,0,PASS_NO_ACTION,Standard transaction - no active dispute claim.
TXN_100297,446008345930,5775.48,2026-09-02 14:40:45,DELIVERED,True,17,True,PAID_BUT_NOT_RECEIVED,1,0.92,1,DEFEND_NPCI_DISPUTE,FRIENDLY_FRAUD_DETECTED: Product delivered and redeemed. Claim 'PAID_BUT_NOT_RECEIVED' contradicts delivery evidence.
TXN_100298,461396118332,7632.71,2026-08-26 00:03:45,DELIVERED,True,2,False,NONE,0,0.05,0,PASS_NO_ACTION,Standard transaction - no active dispute claim.
TXN_100299,497895602301,1804.77,2026-09-05 05:17:45,DELIVERED,True,21,True,PAID_BUT_NOT_RECEIVED,1,0.48,0,AUTO_APPROVE_REFUND,EDGE_CASE_TIMEOUT: Delayed redemption log misled initial evaluation.
TXN_100300,429487064990,6508.04,2026-08-16 19:44:45,DELIVERED,True,7,False,NONE,0,0.05,0,PASS_NO_ACTION,Standard transaction - no active dispute claim.
TXN_100301,453487370505,6298.25,2026-08-10 18:01:45,DELIVERED,True,6,False,NONE,0,0.05,0,PASS_NO_ACTION,Standard transaction - no active dispute claim.
TXN_100302,444782610420,10010.11,2026-08-23 11:00:45,DELIVERED,True,3,False,NONE,0,0.05,0,PASS_NO_ACTION,Standard transaction - no active dispute claim.
TXN_100303,410626899666,1459.25,2026-08-10 07:24:45,DELIVERED,True,2,False,NONE,0,0.05,0,PASS_NO_ACTION,Standard transaction - no active dispute claim.
TXN_100304,414739797409,11194.38,2026-08-23 09:11:45,DELIVERED,True,26,True,PAID_BUT_NOT_RECEIVED,1,0.99,1,DEFEND_NPCI_DISPUTE,FRIENDLY_FRAUD_DETECTED: Product delivered and redeemed. Claim 'PAID_BUT_NOT_RECEIVED' contradicts delivery evidence.
TXN_100305,473573285650,993.72,2026-08-31 23:34:45,DELIVERED,True,18,True,PAID_BUT_NOT_RECEIVED,1,0.97,1,DEFEND_NPCI_DISPUTE,FRIENDLY_FRAUD_DETECTED: Product delivered and redeemed. Claim 'PAID_BUT_NOT_RECEIVED' contradicts delivery evidence.
TXN_100306,491610131911,1921.25,2026-08-22 12:23:45,FAILED,False,0,True,PAID_BUT_NOT_RECEIVED,0,0.05,0,AUTO_APPROVE_REFUND,VALID_DISPUTE: System timeout confirmed. Order failed and item was not delivered/consumed.
TXN_100307,493946428319,14122.84,2026-08-25 16:07:45,DELIVERED,True,14,False,NONE,0,0.05,0,PASS_NO_ACTION,Standard transaction - no active dispute claim.
TXN_100308,482839737518,4755.49,2026-08-11 03:19:45,DELIVERED,True,10,False,NONE,0,0.05,0,PASS_NO_ACTION,Standard transaction - no active dispute claim.
TXN_100309,427949124086,2405.48,2026-08-28 08:50:45,DELIVERED,True,8,True,PAID_BUT_NOT_RECEIVED,1,0.91,1,DEFEND_NPCI_DISPUTE,FRIENDLY_FRAUD_DETECTED: Product delivered and redeemed. Claim 'PAID_BUT_NOT_RECEIVED' contradicts delivery evidence.
TXN_100310,416523919663,5316.7,2026-08-31 17:45:45,DELIVERED,True,6,False,NONE,0,0.05,0,PASS_NO_ACTION,Standard transaction - no active dispute claim.
TXN_100311,478505852701,3469.77,2026-08-25 22:52:45,DELIVERED,True,14,False,NONE,0,0.05,0,PASS_NO_ACTION,Standard transaction - no active dispute claim.
TXN_100312,484274662027,10157.15,2026-08-31 18:16:45,DELIVERED,True,1,False,NONE,0,0.05,0,PASS_NO_ACTION,Standard transaction - no active dispute claim.
TXN_100313,437338174438,531.4,2026-08-18 20:39:45,DELIVERED,True,12,False,NONE,0,0.05,0,PASS_NO_ACTION,Standard transaction - no active dispute claim.
TXN_100314,441929229606,13830.91,2026-08-22 09:34:45,FAILED,False,0,True,PAID_BUT_NOT_RECEIVED,0,0.07,0,AUTO_APPROVE_REFUND,VALID_DISPUTE: System timeout confirmed. Order failed and item was not delivered/consumed.
TXN_100315,421501060640,13060.95,2026-09-01 04:44:45,DELIVERED,True,22,True,PAID_BUT_NOT_RECEIVED,1,0.96,1,DEFEND_NPCI_DISPUTE,FRIENDLY_FRAUD_DETECTED: Product delivered and redeemed. Claim 'PAID_BUT_NOT_RECEIVED' contradicts delivery evidence.
TXN_100316,410311290265,2213.93,2026-09-04 05:45:45,DELIVERED,True,1,True,PAID_BUT_NOT_RECEIVED,1,0.89,1,DEFEND_NPCI_DISPUTE,FRIENDLY_FRAUD_DETECTED: Product delivered and redeemed. Claim 'PAID_BUT_NOT_RECEIVED' contradicts delivery evidence.
TXN_100317,499178344062,8004.19,2026-08-23 13:04:45,DELIVERED,True,7,False,NONE,0,0.05,0,PASS_NO_ACTION,Standard transaction - no active dispute claim.
TXN_100318,444898066791,2445.4,2026-08-20 14:33:45,DELIVERED,True,12,False,NONE,0,0.05,0,PASS_NO_ACTION,Standard transaction - no active dispute claim.
TXN_100319,481352725415,8983.73,2026-08-08 19:37:45,DELIVERED,True,3,False,NONE,0,0.05,0,PASS_NO_ACTION,Standard transaction - no active dispute claim.
TXN_100320,406948562092,10142.13,2026-08-18 19:22:45,DELIVERED,True,8,False,NONE,0,0.05,0,PASS_NO_ACTION,Standard transaction - no active dispute claim.
TXN_100321,458677579897,7336.36,2026-08-26 12:59:45,DELIVERED,True,7,False,NONE,0,0.05,0,PASS_NO_ACTION,Standard transaction - no active dispute claim.
TXN_100322,426943046445,11348.65,2026-08-11 14:29:45,DELIVERED,True,12,True,PAID_BUT_NOT_RECEIVED,1,0.99,1,DEFEND_NPCI_DISPUTE,FRIENDLY_FRAUD_DETECTED: Product delivered and redeemed. Claim 'PAID_BUT_NOT_RECEIVED' contradicts delivery evidence.
TXN_100323,414731366888,4320.37,2026-09-02 10:01:45,DELIVERED,True,16,True,PAID_BUT_NOT_RECEIVED,1,0.94,1,DEFEND_NPCI_DISPUTE,FRIENDLY_FRAUD_DETECTED: Product delivered and redeemed. Claim 'PAID_BUT_NOT_RECEIVED' contradicts delivery evidence.
TXN_100324,492457477971,4695.45,2026-08-16 11:01:45,DELIVERED,True,7,False,NONE,0,0.05,0,PASS_NO_ACTION,Standard transaction - no active dispute claim.
TXN_100325,485832540520,916.25,2026-08-15 17:27:45,FAILED,False,0,True,PAID_BUT_NOT_RECEIVED,0,0.09,0,AUTO_APPROVE_REFUND,VALID_DISPUTE: System timeout confirmed. Order failed and item was not delivered/consumed.
TXN_100326,439752153596,4989.02,2026-08-06 18:36:45,DELIVERED,True,16,True,PAID_BUT_NOT_RECEIVED,1,0.96,1,DEFEND_NPCI_DISPUTE,FRIENDLY_FRAUD_DETECTED: Product delivered and redeemed. Claim 'PAID_BUT_NOT_RECEIVED' contradicts delivery evidence.
TXN_100327,459042976064,2717.85,2026-08-23 17:27:45,DELIVERED,True,9,False,NONE,0,0.05,0,PASS_NO_ACTION,Standard transaction - no active dispute claim.
TXN_100328,433087016158,7553.91,2026-08-22 13:00:45,DELIVERED,True,3,True,PAID_BUT_NOT_RECEIVED,1,0.91,1,DEFEND_NPCI_DISPUTE,FRIENDLY_FRAUD_DETECTED: Product delivered and redeemed. Claim 'PAID_BUT_NOT_RECEIVED' contradicts delivery evidence.
TXN_100329,407482010533,6599.67,2026-08-27 08:20:45,DELIVERED,True,15,False,NONE,0,0.05,0,PASS_NO_ACTION,Standard transaction - no active dispute claim.
TXN_100330,478653996486,6496.34,2026-08-24 19:54:45,DELIVERED,True,12,False,NONE,0,0.05,0,PASS_NO_ACTION,Standard transaction - no active dispute claim.
TXN_100331,458583962377,4413.78,2026-08-24 20:34:45,DELIVERED,True,1,False,NONE,0,0.05,0,PASS_NO_ACTION,Standard transaction - no active dispute claim.
TXN_100332,447099469026,2660.91,2026-09-03 13:19:45,DELIVERED,True,15,True,PAID_BUT_NOT_RECEIVED,1,0.97,1,DEFEND_NPCI_DISPUTE,FRIENDLY_FRAUD_DETECTED: Product delivered and redeemed. Claim 'PAID_BUT_NOT_RECEIVED' contradicts delivery evidence.
TXN_100333,498062804582,13804.57,2026-08-10 10:25:45,DELIVERED,True,7,False,NONE,0,0.05,0,PASS_NO_ACTION,Standard transaction - no active dispute claim.
TXN_100334,416511934593,3725.42,2026-09-02 05:22:45,DELIVERED,True,7,False,NONE,0,0.05,0,PASS_NO_ACTION,Standard transaction - no active dispute claim.
TXN_100335,410840336593,5996.92,2026-08-20 13:04:45,DELIVERED,True,12,False,NONE,0,0.05,0,PASS_NO_ACTION,Standard transaction - no active dispute claim.
TXN_100336,431522969523,5062.72,2026-08-14 01:48:45,DELIVERED,True,2,False,NONE,0,0.05,0,PASS_NO_ACTION,Standard transaction - no active dispute claim.
TXN_100337,488091854940,1799.0,2026-08-29 15:10:45,FAILED,False,0,True,PAID_BUT_NOT_RECEIVED,0,0.11,0,AUTO_APPROVE_REFUND,VALID_DISPUTE: System timeout confirmed. Order failed and item was not delivered/consumed.
TXN_100338,450578515117,5331.39,2026-09-04 19:09:45,DELIVERED,True,27,True,PAID_BUT_NOT_RECEIVED,1,0.94,1,DEFEND_NPCI_DISPUTE,FRIENDLY_FRAUD_DETECTED: Product delivered and redeemed. Claim 'PAID_BUT_NOT_RECEIVED' contradicts delivery evidence.
TXN_100339,430699094081,1631.79,2026-08-18 01:45:45,DELIVERED,True,4,False,NONE,0,0.05,0,PASS_NO_ACTION,Standard transaction - no active dispute claim.
TXN_100340,482349551258,2377.76,2026-09-05 06:09:45,DELIVERED,True,2,False,NONE,0,0.05,0,PASS_NO_ACTION,Standard transaction - no active dispute claim.
TXN_100341,489218703185,7462.34,2026-09-01 01:54:45,DELIVERED,True,13,False,NONE,0,0.05,0,PASS_NO_ACTION,Standard transaction - no active dispute claim.
TXN_100342,462618338638,10248.89,2026-09-01 02:44:45,DELIVERED,True,11,False,NONE,0,0.05,0,PASS_NO_ACTION,Standard transaction - no active dispute claim.
TXN_100343,445631973575,12977.28,2026-09-03 23:15:45,DELIVERED,True,6,False,NONE,0,0.05,0,PASS_NO_ACTION,Standard transaction - no active dispute claim.
TXN_100344,460777899235,1117.47,2026-08-26 13:10:45,DELIVERED,True,11,False,NONE,0,0.05,0,PASS_NO_ACTION,Standard transaction - no active dispute claim.
TXN_100345,478489125735,936.96,2026-08-29 12:18:45,DELIVERED,True,2,False,NONE,0,0.05,0,PASS_NO_ACTION,Standard transaction - no active dispute claim.
TXN_100346,461462733704,6833.52,2026-08-09 00:18:45,DELIVERED,True,12,True,PAID_BUT_NOT_RECEIVED,1,0.95,1,DEFEND_NPCI_DISPUTE,FRIENDLY_FRAUD_DETECTED: Product delivered and redeemed. Claim 'PAID_BUT_NOT_RECEIVED' contradicts delivery evidence.
TXN_100347,442226815498,1243.29,2026-08-10 12:47:45,DELIVERED,True,20,True,PAID_BUT_NOT_RECEIVED,1,0.97,1,DEFEND_NPCI_DISPUTE,FRIENDLY_FRAUD_DETECTED: Product delivered and redeemed. Claim 'PAID_BUT_NOT_RECEIVED' contradicts delivery evidence.
TXN_100348,471271030124,5828.79,2026-09-01 20:02:45,DELIVERED,True,9,False,NONE,0,0.05,0,PASS_NO_ACTION,Standard transaction - no active dispute claim.
TXN_100349,460305733356,13644.84,2026-09-01 10:34:45,DELIVERED,True,11,False,NONE,0,0.05,0,PASS_NO_ACTION,Standard transaction - no active dispute claim.
TXN_100350,443758155315,9114.59,2026-08-29 05:47:45,DELIVERED,True,5,True,PAID_BUT_NOT_RECEIVED,1,0.92,1,DEFEND_NPCI_DISPUTE,FRIENDLY_FRAUD_DETECTED: Product delivered and redeemed. Claim 'PAID_BUT_NOT_RECEIVED' contradicts delivery evidence.
TXN_100351,408408353522,6812.79,2026-08-22 01:17:45,DELIVERED,True,12,False,NONE,0,0.05,0,PASS_NO_ACTION,Standard transaction - no active dispute claim.
TXN_100352,469081667586,9727.29,2026-08-08 04:55:45,FAILED,False,0,True,PAID_BUT_NOT_RECEIVED,0,0.02,0,AUTO_APPROVE_REFUND,VALID_DISPUTE: System timeout confirmed. Order failed and item was not delivered/consumed.
TXN_100353,495553331703,6622.6,2026-08-26 10:07:45,DELIVERED,True,17,True,PAID_BUT_NOT_RECEIVED,1,0.88,1,DEFEND_NPCI_DISPUTE,FRIENDLY_FRAUD_DETECTED: Product delivered and redeemed. Claim 'PAID_BUT_NOT_RECEIVED' contradicts delivery evidence.
TXN_100354,483849564326,2465.32,2026-08-23 09:25:45,DELIVERED,True,15,False,NONE,0,0.05,0,PASS_NO_ACTION,Standard transaction - no active dispute claim.
TXN_100355,452754626239,6190.66,2026-08-21 19:45:45,DELIVERED,True,11,False,NONE,0,0.05,0,PASS_NO_ACTION,Standard transaction - no active dispute claim.
TXN_100356,406862867547,11859.48,2026-09-04 21:11:45,DELIVERED,True,11,True,PAID_BUT_NOT_RECEIVED,1,0.94,1,DEFEND_NPCI_DISPUTE,FRIENDLY_FRAUD_DETECTED: Product delivered and redeemed. Claim 'PAID_BUT_NOT_RECEIVED' contradicts delivery evidence.
TXN_100357,443232762228,1508.14,2026-08-24 00:23:45,DELIVERED,True,5,False,NONE,0,0.05,0,PASS_NO_ACTION,Standard transaction - no active dispute claim.
TXN_100358,499866561465,12788.34,2026-09-02 20:28:45,DELIVERED,True,14,False,NONE,0,0.05,0,PASS_NO_ACTION,Standard transaction - no active dispute claim.
TXN_100359,443595521486,1314.38,2026-08-12 20:38:45,FAILED,False,0,True,PAID_BUT_NOT_RECEIVED,0,0.07,0,AUTO_APPROVE_REFUND,VALID_DISPUTE: System timeout confirmed. Order failed and item was not delivered/consumed.
TXN_100360,451182036291,4722.45,2026-09-05 06:45:45,DELIVERED,True,12,False,NONE,0,0.05,0,PASS_NO_ACTION,Standard transaction - no active dispute claim.
TXN_100361,454383456408,2021.38,2026-08-10 06:42:45,DELIVERED,True,5,False,NONE,0,0.05,0,PASS_NO_ACTION,Standard transaction - no active dispute claim.
TXN_100362,453940159561,9688.05,2026-08-21 08:57:45,DELIVERED,True,27,True,PAID_BUT_NOT_RECEIVED,1,0.42,0,AUTO_APPROVE_REFUND,EDGE_CASE_TIMEOUT: Delayed redemption log misled initial evaluation.
TXN_100363,490743183237,10572.18,2026-08-30 09:07:45,DELIVERED,True,2,False,NONE,0,0.05,0,PASS_NO_ACTION,Standard transaction - no active dispute claim.
TXN_100364,492968968681,6408.75,2026-08-22 21:22:45,DELIVERED,True,1,False,NONE,0,0.05,0,PASS_NO_ACTION,Standard transaction - no active dispute claim.
TXN_100365,440212050793,2785.92,2026-08-16 04:07:45,FAILED,False,0,True,PAID_BUT_NOT_RECEIVED,0,0.05,0,AUTO_APPROVE_REFUND,VALID_DISPUTE: System timeout confirmed. Order failed and item was not delivered/consumed.
TXN_100366,467715125310,2960.88,2026-08-12 16:25:45,DELIVERED,True,3,False,NONE,0,0.05,0,PASS_NO_ACTION,Standard transaction - no active dispute claim.
TXN_100367,438986127188,12681.98,2026-08-11 00:38:45,FAILED,False,0,True,PAID_BUT_NOT_RECEIVED,0,0.07,0,AUTO_APPROVE_REFUND,VALID_DISPUTE: System timeout confirmed. Order failed and item was not delivered/consumed.
TXN_100368,406556403444,9962.75,2026-09-03 13:13:45,FAILED,False,0,True,PAID_BUT_NOT_RECEIVED,0,0.03,0,AUTO_APPROVE_REFUND,VALID_DISPUTE: System timeout confirmed. Order failed and item was not delivered/consumed.
TXN_100369,482167229980,5713.13,2026-08-13 19:23:45,DELIVERED,True,3,False,NONE,0,0.05,0,PASS_NO_ACTION,Standard transaction - no active dispute claim.
TXN_100370,498059880341,11589.36,2026-08-13 22:58:45,DELIVERED,True,12,False,NONE,0,0.05,0,PASS_NO_ACTION,Standard transaction - no active dispute claim.
TXN_100371,406174760287,6221.79,2026-08-17 05:36:45,DELIVERED,True,8,False,NONE,0,0.05,0,PASS_NO_ACTION,Standard transaction - no active dispute claim.
TXN_100372,441277193030,11310.63,2026-08-26 20:30:45,DELIVERED,True,4,False,NONE,0,0.05,0,PASS_NO_ACTION,Standard transaction - no active dispute claim.
TXN_100373,432358331508,4711.07,2026-08-27 18:27:45,DELIVERED,True,15,False,NONE,0,0.05,0,PASS_NO_ACTION,Standard transaction - no active dispute claim.
TXN_100374,429356588487,5580.83,2026-09-01 09:13:45,DELIVERED,True,15,True,PAID_BUT_NOT_RECEIVED,1,0.89,1,DEFEND_NPCI_DISPUTE,FRIENDLY_FRAUD_DETECTED: Product delivered and redeemed. Claim 'PAID_BUT_NOT_RECEIVED' contradicts delivery evidence.
TXN_100375,470359606362,7959.15,2026-08-13 19:10:45,DELIVERED,True,14,False,NONE,0,0.05,0,PASS_NO_ACTION,Standard transaction - no active dispute claim.
TXN_100376,419776878922,13107.73,2026-08-08 19:09:45,DELIVERED,True,11,False,NONE,0,0.05,0,PASS_NO_ACTION,Standard transaction - no active dispute claim.
TXN_100377,474608787877,14020.97,2026-08-29 21:40:45,DELIVERED,True,28,True,PAID_BUT_NOT_RECEIVED,1,0.94,1,DEFEND_NPCI_DISPUTE,FRIENDLY_FRAUD_DETECTED: Product delivered and redeemed. Claim 'PAID_BUT_NOT_RECEIVED' contradicts delivery evidence.
TXN_100378,439190192608,1349.74,2026-08-13 17:16:45,DELIVERED,True,5,False,NONE,0,0.05,0,PASS_NO_ACTION,Standard transaction - no active dispute claim.
TXN_100379,419384702407,12482.6,2026-08-10 14:20:45,DELIVERED,True,30,True,PAID_BUT_NOT_RECEIVED,1,0.95,1,DEFEND_NPCI_DISPUTE,FRIENDLY_FRAUD_DETECTED: Product delivered and redeemed. Claim 'PAID_BUT_NOT_RECEIVED' contradicts delivery evidence.
TXN_100380,455949122451,893.53,2026-08-29 06:29:45,DELIVERED,True,6,False,NONE,0,0.05,0,PASS_NO_ACTION,Standard transaction - no active dispute claim.
TXN_100381,452552266663,14918.43,2026-08-23 11:40:45,DELIVERED,True,4,False,NONE,0,0.05,0,PASS_NO_ACTION,Standard transaction - no active dispute claim.
TXN_100382,443070737542,13969.31,2026-09-05 00:05:45,DELIVERED,True,11,True,PAID_BUT_NOT_RECEIVED,1,0.99,1,DEFEND_NPCI_DISPUTE,FRIENDLY_FRAUD_DETECTED: Product delivered and redeemed. Claim 'PAID_BUT_NOT_RECEIVED' contradicts delivery evidence.
TXN_100383,420578823157,2150.23,2026-08-19 11:30:45,DELIVERED,True,30,True,PAID_BUT_NOT_RECEIVED,1,0.92,1,DEFEND_NPCI_DISPUTE,FRIENDLY_FRAUD_DETECTED: Product delivered and redeemed. Claim 'PAID_BUT_NOT_RECEIVED' contradicts delivery evidence.
TXN_100384,467988308317,10471.47,2026-08-12 17:45:45,FAILED,False,0,True,PAID_BUT_NOT_RECEIVED,0,0.04,0,AUTO_APPROVE_REFUND,VALID_DISPUTE: System timeout confirmed. Order failed and item was not delivered/consumed.
TXN_100385,497748478439,7089.74,2026-09-03 10:17:45,DELIVERED,True,1,True,PAID_BUT_NOT_RECEIVED,1,0.89,1,DEFEND_NPCI_DISPUTE,FRIENDLY_FRAUD_DETECTED: Product delivered and redeemed. Claim 'PAID_BUT_NOT_RECEIVED' contradicts delivery evidence.
TXN_100386,412480562887,383.16,2026-08-16 05:43:45,DELIVERED,True,27,True,PAID_BUT_NOT_RECEIVED,1,0.48,0,AUTO_APPROVE_REFUND,EDGE_CASE_TIMEOUT: Delayed redemption log misled initial evaluation.
TXN_100387,473656625913,14109.37,2026-09-03 03:13:45,DELIVERED,True,9,False,NONE,0,0.05,0,PASS_NO_ACTION,Standard transaction - no active dispute claim.
TXN_100388,414702767251,11664.97,2026-08-17 05:43:45,DELIVERED,True,5,False,NONE,0,0.05,0,PASS_NO_ACTION,Standard transaction - no active dispute claim.
TXN_100389,404818301957,3652.75,2026-09-04 12:04:45,DELIVERED,True,26,True,PAID_BUT_NOT_RECEIVED,1,0.96,1,DEFEND_NPCI_DISPUTE,FRIENDLY_FRAUD_DETECTED: Product delivered and redeemed. Claim 'PAID_BUT_NOT_RECEIVED' contradicts delivery evidence.
TXN_100390,462804493160,1035.83,2026-08-29 04:06:45,DELIVERED,True,20,True,PAID_BUT_NOT_RECEIVED,1,0.9,1,DEFEND_NPCI_DISPUTE,FRIENDLY_FRAUD_DETECTED: Product delivered and redeemed. Claim 'PAID_BUT_NOT_RECEIVED' contradicts delivery evidence.
TXN_100391,402302333490,9516.13,2026-09-01 14:16:45,FAILED,False,0,True,PAID_BUT_NOT_RECEIVED,0,0.04,0,AUTO_APPROVE_REFUND,VALID_DISPUTE: System timeout confirmed. Order failed and item was not delivered/consumed.
TXN_100392,495528396873,2239.29,2026-08-25 23:00:45,DELIVERED,True,1,False,NONE,0,0.05,0,PASS_NO_ACTION,Standard transaction - no active dispute claim.
TXN_100393,449885227314,3684.41,2026-08-25 09:10:45,DELIVERED,True,3,False,NONE,0,0.05,0,PASS_NO_ACTION,Standard transaction - no active dispute claim.
TXN_100394,493047766232,1375.65,2026-08-22 20:02:45,DELIVERED,True,3,True,PAID_BUT_NOT_RECEIVED,1,0.96,1,DEFEND_NPCI_DISPUTE,FRIENDLY_FRAUD_DETECTED: Product delivered and redeemed. Claim 'PAID_BUT_NOT_RECEIVED' contradicts delivery evidence.
TXN_100395,472814314336,8206.82,2026-08-29 12:37:45,DELIVERED,True,9,False,NONE,0,0.05,0,PASS_NO_ACTION,Standard transaction - no active dispute claim.
TXN_100396,451626942721,13112.64,2026-08-08 09:43:45,FAILED,False,0,True,PAID_BUT_NOT_RECEIVED,0,0.04,0,AUTO_APPROVE_REFUND,VALID_DISPUTE: System timeout confirmed. Order failed and item was not delivered/consumed.
TXN_100397,454269792811,14717.49,2026-08-17 23:13:45,FAILED,False,0,True,PAID_BUT_NOT_RECEIVED,0,0.09,0,AUTO_APPROVE_REFUND,VALID_DISPUTE: System timeout confirmed. Order failed and item was not delivered/consumed.
TXN_100398,403209700340,5420.7,2026-08-09 11:57:45,DELIVERED,True,6,False,NONE,0,0.05,0,PASS_NO_ACTION,Standard transaction - no active dispute claim.
TXN_100399,499819875752,9890.86,2026-08-11 03:23:45,DELIVERED,True,25,True,PAID_BUT_NOT_RECEIVED,1,0.95,1,DEFEND_NPCI_DISPUTE,FRIENDLY_FRAUD_DETECTED: Product delivered and redeemed. Claim 'PAID_BUT_NOT_RECEIVED' contradicts delivery evidence.
TXN_100400,446199584202,2087.8,2026-08-22 10:58:45,DELIVERED,True,18,True,PAID_BUT_NOT_RECEIVED,1,0.91,1,DEFEND_NPCI_DISPUTE,FRIENDLY_FRAUD_DETECTED: Product delivered and redeemed. Claim 'PAID_BUT_NOT_RECEIVED' contradicts delivery evidence.
TXN_100401,424235622641,12472.72,2026-08-27 13:39:45,DELIVERED,True,12,False,NONE,0,0.05,0,PASS_NO_ACTION,Standard transaction - no active dispute claim.
TXN_100402,487954621662,2815.94,2026-08-12 13:27:45,FAILED,False,0,True,PAID_BUT_NOT_RECEIVED,0,0.09,0,AUTO_APPROVE_REFUND,VALID_DISPUTE: System timeout confirmed. Order failed and item was not delivered/consumed.
TXN_100403,494760295251,11665.24,2026-08-27 06:04:45,DELIVERED,True,1,False,NONE,0,0.05,0,PASS_NO_ACTION,Standard transaction - no active dispute claim.
TXN_100404,427030130043,752.71,2026-08-15 12:02:45,DELIVERED,True,29,True,PAID_BUT_NOT_RECEIVED,1,0.43,0,AUTO_APPROVE_REFUND,EDGE_CASE_TIMEOUT: Delayed redemption log misled initial evaluation.
TXN_100405,443129657614,14007.23,2026-08-29 21:06:45,DELIVERED,True,7,False,NONE,0,0.05,0,PASS_NO_ACTION,Standard transaction - no active dispute claim.
TXN_100406,466756808521,3874.38,2026-09-04 20:45:45,FAILED,False,0,True,PAID_BUT_NOT_RECEIVED,0,0.01,0,AUTO_APPROVE_REFUND,VALID_DISPUTE: System timeout confirmed. Order failed and item was not delivered/consumed.
TXN_100407,439475488662,5418.92,2026-08-08 14:22:45,DELIVERED,True,14,False,NONE,0,0.05,0,PASS_NO_ACTION,Standard transaction - no active dispute claim.
TXN_100408,445766017740,4170.93,2026-08-23 04:08:45,DELIVERED,True,7,False,NONE,0,0.05,0,PASS_NO_ACTION,Standard transaction - no active dispute claim.
TXN_100409,455359923040,11175.28,2026-08-24 00:29:45,FAILED,False,0,True,PAID_BUT_NOT_RECEIVED,0,0.09,0,AUTO_APPROVE_REFUND,VALID_DISPUTE: System timeout confirmed. Order failed and item was not delivered/consumed.
TXN_100410,465226883264,10411.82,2026-08-23 03:24:45,DELIVERED,True,15,False,NONE,0,0.05,0,PASS_NO_ACTION,Standard transaction - no active dispute claim.
TXN_100411,472143814999,4074.14,2026-08-10 04:24:45,DELIVERED,True,12,False,NONE,0,0.05,0,PASS_NO_ACTION,Standard transaction - no active dispute claim.
TXN_100412,410413146764,6516.05,2026-08-14 15:16:45,FAILED,False,0,True,PAID_BUT_NOT_RECEIVED,0,0.02,0,AUTO_APPROVE_REFUND,VALID_DISPUTE: System timeout confirmed. Order failed and item was not delivered/consumed.
TXN_100413,440997500364,4886.05,2026-08-10 01:37:45,FAILED,False,0,True,PAID_BUT_NOT_RECEIVED,0,0.06,0,AUTO_APPROVE_REFUND,VALID_DISPUTE: System timeout confirmed. Order failed and item was not delivered/consumed.
TXN_100414,491602718481,4505.04,2026-08-26 17:13:45,DELIVERED,True,10,False,NONE,0,0.05,0,PASS_NO_ACTION,Standard transaction - no active dispute claim.
TXN_100415,458916913573,2583.01,2026-08-26 15:01:45,DELIVERED,True,12,True,PAID_BUT_NOT_RECEIVED,1,0.93,1,DEFEND_NPCI_DISPUTE,FRIENDLY_FRAUD_DETECTED: Product delivered and redeemed. Claim 'PAID_BUT_NOT_RECEIVED' contradicts delivery evidence.
TXN_100416,406215374572,10929.53,2026-08-22 11:15:45,DELIVERED,True,10,False,NONE,0,0.05,0,PASS_NO_ACTION,Standard transaction - no active dispute claim.
TXN_100417,460121599025,4190.87,2026-08-09 00:49:45,DELIVERED,True,2,False,NONE,0,0.05,0,PASS_NO_ACTION,Standard transaction - no active dispute claim.
TXN_100418,488782058770,6152.53,2026-08-29 18:35:45,DELIVERED,True,13,False,NONE,0,0.05,0,PASS_NO_ACTION,Standard transaction - no active dispute claim.
TXN_100419,493415100541,2483.8,2026-08-07 20:10:45,DELIVERED,True,5,True,PAID_BUT_NOT_RECEIVED,1,0.95,1,DEFEND_NPCI_DISPUTE,FRIENDLY_FRAUD_DETECTED: Product delivered and redeemed. Claim 'PAID_BUT_NOT_RECEIVED' contradicts delivery evidence.
TXN_100420,485249385548,10203.52,2026-08-26 08:46:45,DELIVERED,True,2,True,PAID_BUT_NOT_RECEIVED,1,0.88,1,DEFEND_NPCI_DISPUTE,FRIENDLY_FRAUD_DETECTED: Product delivered and redeemed. Claim 'PAID_BUT_NOT_RECEIVED' contradicts delivery evidence.
TXN_100421,409132088418,3616.33,2026-09-04 18:51:45,DELIVERED,True,12,True,PAID_BUT_NOT_RECEIVED,1,0.95,1,DEFEND_NPCI_DISPUTE,FRIENDLY_FRAUD_DETECTED: Product delivered and redeemed. Claim 'PAID_BUT_NOT_RECEIVED' contradicts delivery evidence.
TXN_100422,453095032476,14247.06,2026-08-07 21:32:45,DELIVERED,True,20,True,PAID_BUT_NOT_RECEIVED,1,0.97,1,DEFEND_NPCI_DISPUTE,FRIENDLY_FRAUD_DETECTED: Product delivered and redeemed. Claim 'PAID_BUT_NOT_RECEIVED' contradicts delivery evidence.
TXN_100423,490853325116,6803.85,2026-08-23 07:21:45,DELIVERED,True,6,False,NONE,0,0.05,0,PASS_NO_ACTION,Standard transaction - no active dispute claim.
TXN_100424,477639631734,2151.66,2026-08-23 02:58:45,DELIVERED,True,7,False,NONE,0,0.05,0,PASS_NO_ACTION,Standard transaction - no active dispute claim.
TXN_100425,487249621106,4252.48,2026-08-11 14:04:45,DELIVERED,True,1,False,NONE,0,0.05,0,PASS_NO_ACTION,Standard transaction - no active dispute claim.
TXN_100426,424634535947,7535.76,2026-08-24 00:51:45,DELIVERED,True,15,False,NONE,0,0.05,0,PASS_NO_ACTION,Standard transaction - no active dispute claim.
TXN_100427,415297267819,4000.47,2026-08-18 06:28:45,DELIVERED,True,12,False,NONE,0,0.05,0,PASS_NO_ACTION,Standard transaction - no active dispute claim.
TXN_100428,427686532198,14945.84,2026-08-19 10:05:45,FAILED,False,0,True,PAID_BUT_NOT_RECEIVED,0,0.03,0,AUTO_APPROVE_REFUND,VALID_DISPUTE: System timeout confirmed. Order failed and item was not delivered/consumed.
TXN_100429,468713587664,3082.66,2026-08-12 14:25:45,DELIVERED,True,14,False,NONE,0,0.05,0,PASS_NO_ACTION,Standard transaction - no active dispute claim.
TXN_100430,460447593242,2672.58,2026-08-26 16:20:45,DELIVERED,True,2,False,NONE,0,0.05,0,PASS_NO_ACTION,Standard transaction - no active dispute claim.
TXN_100431,493675440963,14516.66,2026-08-20 23:14:45,DELIVERED,True,11,False,NONE,0,0.05,0,PASS_NO_ACTION,Standard transaction - no active dispute claim.
TXN_100432,495981460771,1067.59,2026-08-31 02:21:45,DELIVERED,True,10,True,PAID_BUT_NOT_RECEIVED,1,0.95,1,DEFEND_NPCI_DISPUTE,FRIENDLY_FRAUD_DETECTED: Product delivered and redeemed. Claim 'PAID_BUT_NOT_RECEIVED' contradicts delivery evidence.
TXN_100433,442482946103,12785.29,2026-09-04 10:42:45,DELIVERED,True,6,True,PAID_BUT_NOT_RECEIVED,1,0.46,0,AUTO_APPROVE_REFUND,EDGE_CASE_TIMEOUT: Delayed redemption log misled initial evaluation.
TXN_100434,450653540259,7680.46,2026-08-11 22:43:45,DELIVERED,True,4,False,NONE,0,0.05,0,PASS_NO_ACTION,Standard transaction - no active dispute claim.
TXN_100435,420581765355,3627.37,2026-08-28 21:46:45,DELIVERED,True,1,False,NONE,0,0.05,0,PASS_NO_ACTION,Standard transaction - no active dispute claim.
TXN_100436,474564482803,8626.93,2026-08-27 16:41:45,DELIVERED,True,26,True,PAID_BUT_NOT_RECEIVED,1,0.94,1,DEFEND_NPCI_DISPUTE,FRIENDLY_FRAUD_DETECTED: Product delivered and redeemed. Claim 'PAID_BUT_NOT_RECEIVED' contradicts delivery evidence.
TXN_100437,477236448247,2033.59,2026-08-10 08:20:45,DELIVERED,True,2,False,NONE,0,0.05,0,PASS_NO_ACTION,Standard transaction - no active dispute claim.
TXN_100438,452868001087,14993.97,2026-08-28 04:59:45,DELIVERED,True,17,True,PAID_BUT_NOT_RECEIVED,1,0.95,1,DEFEND_NPCI_DISPUTE,FRIENDLY_FRAUD_DETECTED: Product delivered and redeemed. Claim 'PAID_BUT_NOT_RECEIVED' contradicts delivery evidence.
TXN_100439,411059113473,1967.37,2026-08-20 20:26:45,DELIVERED,True,21,True,PAID_BUT_NOT_RECEIVED,1,0.94,1,DEFEND_NPCI_DISPUTE,FRIENDLY_FRAUD_DETECTED: Product delivered and redeemed. Claim 'PAID_BUT_NOT_RECEIVED' contradicts delivery evidence.
TXN_100440,460448078471,7040.91,2026-08-29 23:15:45,DELIVERED,True,6,False,NONE,0,0.05,0,PASS_NO_ACTION,Standard transaction - no active dispute claim.
TXN_100441,488267176166,8858.01,2026-08-12 07:06:45,DELIVERED,True,7,False,NONE,0,0.05,0,PASS_NO_ACTION,Standard transaction - no active dispute claim.
TXN_100442,408023907846,12487.72,2026-08-30 00:04:45,FAILED,False,0,True,PAID_BUT_NOT_RECEIVED,0,0.05,0,AUTO_APPROVE_REFUND,VALID_DISPUTE: System timeout confirmed. Order failed and item was not delivered/consumed.
TXN_100443,439311902088,2553.39,2026-08-21 02:35:45,DELIVERED,True,15,False,NONE,0,0.05,0,PASS_NO_ACTION,Standard transaction - no active dispute claim.
TXN_100444,433111329404,5255.74,2026-08-30 00:56:45,DELIVERED,True,15,False,NONE,0,0.05,0,PASS_NO_ACTION,Standard transaction - no active dispute claim.
TXN_100445,434698439081,3024.9,2026-08-31 11:49:45,DELIVERED,True,9,True,PAID_BUT_NOT_RECEIVED,1,0.98,1,DEFEND_NPCI_DISPUTE,FRIENDLY_FRAUD_DETECTED: Product delivered and redeemed. Claim 'PAID_BUT_NOT_RECEIVED' contradicts delivery evidence.
TXN_100446,486436948227,4612.09,2026-08-30 16:52:45,FAILED,False,0,True,PAID_BUT_NOT_RECEIVED,0,0.02,0,AUTO_APPROVE_REFUND,VALID_DISPUTE: System timeout confirmed. Order failed and item was not delivered/consumed.
TXN_100447,469120748675,9650.71,2026-09-02 08:34:45,FAILED,False,0,True,PAID_BUT_NOT_RECEIVED,0,0.01,0,AUTO_APPROVE_REFUND,VALID_DISPUTE: System timeout confirmed. Order failed and item was not delivered/consumed.
TXN_100448,481353582536,2397.49,2026-09-05 09:40:45,DELIVERED,True,20,True,PAID_BUT_NOT_RECEIVED,1,0.96,1,DEFEND_NPCI_DISPUTE,FRIENDLY_FRAUD_DETECTED: Product delivered and redeemed. Claim 'PAID_BUT_NOT_RECEIVED' contradicts delivery evidence.
TXN_100449,445548724783,12653.7,2026-09-01 01:47:45,DELIVERED,True,1,False,NONE,0,0.05,0,PASS_NO_ACTION,Standard transaction - no active dispute claim.
TXN_100450,408711797819,777.38,2026-09-04 14:48:45,DELIVERED,True,13,False,NONE,0,0.05,0,PASS_NO_ACTION,Standard transaction - no active dispute claim.
TXN_100451,436836951954,9801.84,2026-09-01 11:05:45,DELIVERED,True,14,True,PAID_BUT_NOT_RECEIVED,1,0.92,1,DEFEND_NPCI_DISPUTE,FRIENDLY_FRAUD_DETECTED: Product delivered and redeemed. Claim 'PAID_BUT_NOT_RECEIVED' contradicts delivery evidence.
TXN_100452,488554101384,551.26,2026-09-03 23:11:45,DELIVERED,True,9,False,NONE,0,0.05,0,PASS_NO_ACTION,Standard transaction - no active dispute claim.
TXN_100453,487143476210,14354.09,2026-08-28 09:40:45,DELIVERED,True,4,False,NONE,0,0.05,0,PASS_NO_ACTION,Standard transaction - no active dispute claim.
TXN_100454,454481620807,4531.76,2026-08-09 17:52:45,FAILED,False,0,True,PAID_BUT_NOT_RECEIVED,0,0.01,0,AUTO_APPROVE_REFUND,VALID_DISPUTE: System timeout confirmed. Order failed and item was not delivered/consumed.
TXN_100455,407252540065,2455.4,2026-08-25 08:08:45,DELIVERED,True,8,False,NONE,0,0.05,0,PASS_NO_ACTION,Standard transaction - no active dispute claim.
TXN_100456,427764567672,5168.87,2026-08-12 23:05:45,DELIVERED,True,6,False,NONE,0,0.05,0,PASS_NO_ACTION,Standard transaction - no active dispute claim.
TXN_100457,498189330722,4857.81,2026-08-22 03:24:45,DELIVERED,True,7,False,NONE,0,0.05,0,PASS_NO_ACTION,Standard transaction - no active dispute claim.
TXN_100458,470310934766,8468.6,2026-08-20 22:43:45,DELIVERED,True,4,False,NONE,0,0.05,0,PASS_NO_ACTION,Standard transaction - no active dispute claim.
TXN_100459,414888386313,4085.33,2026-08-17 16:57:45,DELIVERED,True,3,False,NONE,0,0.05,0,PASS_NO_ACTION,Standard transaction - no active dispute claim.
TXN_100460,404710770198,4424.16,2026-08-23 21:45:45,DELIVERED,True,14,False,NONE,0,0.05,0,PASS_NO_ACTION,Standard transaction - no active dispute claim.
TXN_100461,458477600839,3799.23,2026-08-13 16:36:45,DELIVERED,True,14,False,NONE,0,0.05,0,PASS_NO_ACTION,Standard transaction - no active dispute claim.
TXN_100462,427112904128,11470.51,2026-08-29 02:24:45,DELIVERED,True,17,True,PAID_BUT_NOT_RECEIVED,1,0.91,1,DEFEND_NPCI_DISPUTE,FRIENDLY_FRAUD_DETECTED: Product delivered and redeemed. Claim 'PAID_BUT_NOT_RECEIVED' contradicts delivery evidence.
TXN_100463,466429465118,13198.23,2026-08-29 01:25:45,DELIVERED,True,1,True,PAID_BUT_NOT_RECEIVED,1,0.96,1,DEFEND_NPCI_DISPUTE,FRIENDLY_FRAUD_DETECTED: Product delivered and redeemed. Claim 'PAID_BUT_NOT_RECEIVED' contradicts delivery evidence.
TXN_100464,470408439067,6912.74,2026-08-17 09:06:45,DELIVERED,True,4,False,NONE,0,0.05,0,PASS_NO_ACTION,Standard transaction - no active dispute claim.
TXN_100465,449750084141,825.01,2026-08-19 05:28:45,FAILED,False,0,True,PAID_BUT_NOT_RECEIVED,0,0.11,0,AUTO_APPROVE_REFUND,VALID_DISPUTE: System timeout confirmed. Order failed and item was not delivered/consumed.
TXN_100466,483729933041,13246.86,2026-09-05 04:47:45,DELIVERED,True,11,False,NONE,0,0.05,0,PASS_NO_ACTION,Standard transaction - no active dispute claim.
TXN_100467,440675860800,8096.69,2026-08-11 07:34:45,DELIVERED,True,7,False,NONE,0,0.05,0,PASS_NO_ACTION,Standard transaction - no active dispute claim.
TXN_100468,499920150245,5550.09,2026-08-24 18:37:45,FAILED,False,0,True,PAID_BUT_NOT_RECEIVED,0,0.1,0,AUTO_APPROVE_REFUND,VALID_DISPUTE: System timeout confirmed. Order failed and item was not delivered/consumed.
TXN_100469,405866656257,6068.67,2026-09-01 09:03:45,DELIVERED,True,9,False,NONE,0,0.05,0,PASS_NO_ACTION,Standard transaction - no active dispute claim.
TXN_100470,448080678409,8343.02,2026-08-09 18:28:45,FAILED,False,0,True,PAID_BUT_NOT_RECEIVED,0,0.03,0,AUTO_APPROVE_REFUND,VALID_DISPUTE: System timeout confirmed. Order failed and item was not delivered/consumed.
TXN_100471,470378832294,6810.28,2026-08-31 10:45:45,DELIVERED,True,5,False,NONE,0,0.05,0,PASS_NO_ACTION,Standard transaction - no active dispute claim.
TXN_100472,492871115423,9204.54,2026-08-12 06:42:45,FAILED,False,0,True,PAID_BUT_NOT_RECEIVED,0,0.1,0,AUTO_APPROVE_REFUND,VALID_DISPUTE: System timeout confirmed. Order failed and item was not delivered/consumed.
TXN_100473,417072850692,5969.17,2026-08-21 20:32:45,DELIVERED,True,9,False,NONE,0,0.05,0,PASS_NO_ACTION,Standard transaction - no active dispute claim.
TXN_100474,451277393662,11348.98,2026-08-15 11:35:45,FAILED,False,0,True,PAID_BUT_NOT_RECEIVED,0,0.06,0,AUTO_APPROVE_REFUND,VALID_DISPUTE: System timeout confirmed. Order failed and item was not delivered/consumed.
TXN_100475,471307035417,6080.67,2026-08-08 06:08:45,DELIVERED,True,1,False,NONE,0,0.05,0,PASS_NO_ACTION,Standard transaction - no active dispute claim.
TXN_100476,417347003397,10732.52,2026-08-27 23:37:45,FAILED,False,0,True,PAID_BUT_NOT_RECEIVED,0,0.1,0,AUTO_APPROVE_REFUND,VALID_DISPUTE: System timeout confirmed. Order failed and item was not delivered/consumed.
TXN_100477,462360059151,2319.22,2026-08-29 21:14:45,DELIVERED,True,3,False,NONE,0,0.05,0,PASS_NO_ACTION,Standard transaction - no active dispute claim.
TXN_100478,445582780505,2521.28,2026-09-03 11:32:45,DELIVERED,True,12,False,NONE,0,0.05,0,PASS_NO_ACTION,Standard transaction - no active dispute claim.
TXN_100479,442273653396,8946.5,2026-08-29 12:17:45,FAILED,False,0,True,PAID_BUT_NOT_RECEIVED,0,0.11,0,AUTO_APPROVE_REFUND,VALID_DISPUTE: System timeout confirmed. Order failed and item was not delivered/consumed.
TXN_100480,472276952553,8031.86,2026-09-01 01:01:45,DELIVERED,True,5,False,NONE,0,0.05,0,PASS_NO_ACTION,Standard transaction - no active dispute claim.
TXN_100481,447316095451,5035.47,2026-08-11 09:53:45,DELIVERED,True,14,True,PAID_BUT_NOT_RECEIVED,1,0.93,1,DEFEND_NPCI_DISPUTE,FRIENDLY_FRAUD_DETECTED: Product delivered and redeemed. Claim 'PAID_BUT_NOT_RECEIVED' contradicts delivery evidence.
TXN_100482,441161687268,11971.65,2026-09-04 01:29:45,DELIVERED,True,1,True,PAID_BUT_NOT_RECEIVED,1,0.96,1,DEFEND_NPCI_DISPUTE,FRIENDLY_FRAUD_DETECTED: Product delivered and redeemed. Claim 'PAID_BUT_NOT_RECEIVED' contradicts delivery evidence.
TXN_100483,466988216712,4056.4,2026-09-05 06:14:45,DELIVERED,True,13,False,NONE,0,0.05,0,PASS_NO_ACTION,Standard transaction - no active dispute claim.
TXN_100484,479793939676,3490.39,2026-08-08 18:15:45,DELIVERED,True,19,True,PAID_BUT_NOT_RECEIVED,1,0.98,1,DEFEND_NPCI_DISPUTE,FRIENDLY_FRAUD_DETECTED: Product delivered and redeemed. Claim 'PAID_BUT_NOT_RECEIVED' contradicts delivery evidence.
TXN_100485,423538348308,7911.06,2026-09-03 15:05:45,DELIVERED,True,13,False,NONE,0,0.05,0,PASS_NO_ACTION,Standard transaction - no active dispute claim.
TXN_100486,455152392860,2301.86,2026-08-17 10:42:45,FAILED,False,0,True,PAID_BUT_NOT_RECEIVED,0,0.1,0,AUTO_APPROVE_REFUND,VALID_DISPUTE: System timeout confirmed. Order failed and item was not delivered/consumed.
TXN_100487,477445005639,14228.26,2026-08-11 10:12:45,DELIVERED,True,4,False,NONE,0,0.05,0,PASS_NO_ACTION,Standard transaction - no active dispute claim.
TXN_100488,460210877534,4774.02,2026-08-13 07:34:45,DELIVERED,True,7,False,NONE,0,0.05,0,PASS_NO_ACTION,Standard transaction - no active dispute claim.
TXN_100489,428735479836,6214.62,2026-09-03 06:03:45,FAILED,False,0,True,PAID_BUT_NOT_RECEIVED,0,0.11,0,AUTO_APPROVE_REFUND,VALID_DISPUTE: System timeout confirmed. Order failed and item was not delivered/consumed.
TXN_100490,468378116818,13104.98,2026-08-09 06:11:45,FAILED,False,0,True,PAID_BUT_NOT_RECEIVED,0,0.01,0,AUTO_APPROVE_REFUND,VALID_DISPUTE: System timeout confirmed. Order failed and item was not delivered/consumed.
TXN_100491,420211150729,7828.38,2026-08-31 22:48:45,DELIVERED,True,6,False,NONE,0,0.05,0,PASS_NO_ACTION,Standard transaction - no active dispute claim.
TXN_100492,494481218287,7227.73,2026-08-23 13:45:45,DELIVERED,True,11,True,PAID_BUT_NOT_RECEIVED,1,0.89,1,DEFEND_NPCI_DISPUTE,FRIENDLY_FRAUD_DETECTED: Product delivered and redeemed. Claim 'PAID_BUT_NOT_RECEIVED' contradicts delivery evidence.
TXN_100493,425583769396,6948.99,2026-08-30 16:29:45,DELIVERED,True,6,False,NONE,0,0.05,0,PASS_NO_ACTION,Standard transaction - no active dispute claim.
TXN_100494,449590865869,10170.44,2026-09-04 16:49:45,DELIVERED,True,13,False,NONE,0,0.05,0,PASS_NO_ACTION,Standard transaction - no active dispute claim.
TXN_100495,437337496353,9190.14,2026-08-15 04:10:45,DELIVERED,True,4,False,NONE,0,0.05,0,PASS_NO_ACTION,Standard transaction - no active dispute claim.
TXN_100496,474212767372,4547.64,2026-08-19 23:14:45,DELIVERED,True,13,False,NONE,0,0.05,0,PASS_NO_ACTION,Standard transaction - no active dispute claim.
TXN_100497,495730543832,3188.44,2026-08-28 16:17:45,DELIVERED,True,6,False,NONE,0,0.05,0,PASS_NO_ACTION,Standard transaction - no active dispute claim.
TXN_100498,449305380257,8451.27,2026-08-18 20:51:45,DELIVERED,True,5,False,NONE,0,0.05,0,PASS_NO_ACTION,Standard transaction - no active dispute claim.
TXN_100499,477832856621,10181.67,2026-08-23 16:53:45,FAILED,False,0,True,PAID_BUT_NOT_RECEIVED,0,0.11,0,AUTO_APPROVE_REFUND,VALID_DISPUTE: System timeout confirmed. Order failed and item was not delivered/consumed.
TXN_100500,439283815829,726.79,2026-08-10 00:29:45,FAILED,False,0,True,PAID_BUT_NOT_RECEIVED,0,0.07,0,AUTO_APPROVE_REFUND,VALID_DISPUTE: System timeout confirmed. Order failed and item was not delivered/consumed.
