transaction_id,upi_rrn,amount_inr,timestamp,delivery_status,item_consumed,delivery_delay_sec,claim_filed,dispute_reason,is_fraud_label
TXN_100001,415631219101,472.66,2026-08-12 20:32:57,DELIVERED,True,4,False,NONE,0
TXN_100002,418138552030,11073.42,2026-08-25 03:49:57,FAILED,False,0,True,PAID_BUT_NOT_RECEIVED,0
TXN_100003,477682810754,6386.64,2026-08-01 16:40:57,DELIVERED,True,3,True,PAID_BUT_NOT_RECEIVED,1
TXN_100004,431003814027,7629.79,2026-08-01 13:07:57,DELIVERED,True,9,False,NONE,0
TXN_100005,495343281705,9783.28,2026-08-25 03:21:57,DELIVERED,True,7,False,NONE,0
TXN_100006,461076327392,8880.06,2026-07-31 15:13:57,DELIVERED,True,13,False,NONE,0
TXN_100007,424935803837,10502.28,2026-08-15 19:46:57,DELIVERED,True,5,False,NONE,0
TXN_100008,426437583152,14362.47,2026-08-15 15:47:57,FAILED,False,0,True,PAID_BUT_NOT_RECEIVED,0
TXN_100009,409028924397,5760.92,2026-08-16 16:14:57,DELIVERED,True,28,True,PAID_BUT_NOT_RECEIVED,1
TXN_100010,483081657201,4041.36,2026-08-02 07:35:57,DELIVERED,True,24,True,PAID_BUT_NOT_RECEIVED,1
TXN_100011,474987658854,1959.91,2026-08-17 13:35:57,DELIVERED,True,2,False,NONE,0
TXN_100012,441025702129,12458.13,2026-08-28 11:43:57,FAILED,False,0,True,PAID_BUT_NOT_RECEIVED,0
TXN_100013,478862621936,2965.1,2026-08-03 12:06:57,DELIVERED,True,2,True,PAID_BUT_NOT_RECEIVED,1
TXN_100014,432904875417,11618.72,2026-08-03 23:17:57,DELIVERED,True,14,False,NONE,0
TXN_100015,451973405392,4241.81,2026-08-29 06:28:57,DELIVERED,True,14,False,NONE,0
TXN_100016,423041778753,5615.7,2026-08-09 20:58:57,DELIVERED,True,11,False,NONE,0
TXN_100017,495635941509,14056.15,2026-08-29 19:57:57,DELIVERED,True,2,False,NONE,0
TXN_100018,488515543667,2649.97,2026-08-11 11:31:57,DELIVERED,True,3,False,NONE,0
TXN_100019,453525000050,4122.22,2026-08-29 11:11:57,DELIVERED,True,12,False,NONE,0
TXN_100020,432456852025,10300.75,2026-08-02 21:13:57,DELIVERED,True,4,False,NONE,0
TXN_100021,407824582571,12095.18,2026-08-18 14:18:57,DELIVERED,True,9,True,PAID_BUT_NOT_RECEIVED,1
TXN_100022,426054081665,13705.73,2026-08-26 03:38:57,DELIVERED,True,15,False,NONE,0
TXN_100023,446033091279,3268.14,2026-08-23 01:25:57,DELIVERED,True,7,False,NONE,0
TXN_100024,462890569906,2228.79,2026-08-06 16:38:57,DELIVERED,True,4,False,NONE,0
TXN_100025,476214147353,8130.76,2026-08-26 22:39:57,DELIVERED,True,7,False,NONE,0
TXN_100026,481165531253,6051.07,2026-08-10 07:41:57,DELIVERED,True,5,True,PAID_BUT_NOT_RECEIVED,1
TXN_100027,466612908200,1454.55,2026-08-02 11:35:57,DELIVERED,True,14,False,NONE,0
TXN_100028,417650808629,9448.95,2026-08-19 13:14:57,DELIVERED,True,10,False,NONE,0
TXN_100029,451812456976,5786.13,2026-08-21 15:22:57,DELIVERED,True,9,False,NONE,0
TXN_100030,404047709743,10236.22,2026-08-05 13:15:57,DELIVERED,True,11,False,NONE,0
TXN_100031,476814581501,11288.08,2026-08-29 12:14:57,DELIVERED,True,11,True,PAID_BUT_NOT_RECEIVED,1
TXN_100032,439133818601,6578.0,2026-08-20 23:43:57,DELIVERED,True,1,False,NONE,0
TXN_100033,469486780724,13698.15,2026-08-28 19:07:57,DELIVERED,True,5,False,NONE,0
TXN_100034,489514288247,7664.18,2026-08-09 09:23:57,FAILED,False,0,True,PAID_BUT_NOT_RECEIVED,0
TXN_100035,447901079933,11461.41,2026-08-24 21:16:57,FAILED,False,0,True,PAID_BUT_NOT_RECEIVED,0
TXN_100036,472681300933,13785.55,2026-08-27 14:20:57,DELIVERED,True,11,True,PAID_BUT_NOT_RECEIVED,1
TXN_100037,402098545541,1766.83,2026-08-16 20:36:57,DELIVERED,True,15,False,NONE,0
TXN_100038,442119777069,3667.84,2026-08-11 07:13:57,DELIVERED,True,15,False,NONE,0
TXN_100039,408928193543,11005.42,2026-08-03 11:43:57,DELIVERED,True,25,True,PAID_BUT_NOT_RECEIVED,1
TXN_100040,417720006480,9930.29,2026-08-25 08:39:57,DELIVERED,True,3,False,NONE,0
TXN_100041,469857886275,13099.25,2026-08-19 14:18:57,DELIVERED,True,4,False,NONE,0
TXN_100042,477004097118,11353.45,2026-08-09 11:50:57,DELIVERED,True,12,False,NONE,0
TXN_100043,452878418842,14927.73,2026-08-29 21:58:57,DELIVERED,True,6,False,NONE,0
TXN_100044,462352513460,1902.96,2026-08-10 13:33:57,FAILED,False,0,True,PAID_BUT_NOT_RECEIVED,0
TXN_100045,443224662108,413.41,2026-08-25 13:09:57,DELIVERED,True,4,False,NONE,0
TXN_100046,432592102130,207.14,2026-08-29 01:27:57,DELIVERED,True,2,True,PAID_BUT_NOT_RECEIVED,1
TXN_100047,409573232084,13590.76,2026-08-15 09:02:57,DELIVERED,True,2,False,NONE,0
TXN_100048,432273054800,4249.31,2026-08-22 10:20:57,DELIVERED,True,4,False,NONE,0
TXN_100049,419495861299,10877.95,2026-08-26 07:51:57,DELIVERED,True,10,False,NONE,0
TXN_100050,432094877689,11790.83,2026-08-18 20:45:57,DELIVERED,True,4,False,NONE,0
TXN_100051,413290028116,9918.84,2026-08-16 11:07:57,FAILED,False,0,True,PAID_BUT_NOT_RECEIVED,0
TXN_100052,457653831185,7058.67,2026-08-02 19:18:57,DELIVERED,True,22,True,PAID_BUT_NOT_RECEIVED,1
TXN_100053,415660222785,1003.13,2026-08-15 18:44:57,FAILED,False,0,True,PAID_BUT_NOT_RECEIVED,0
TXN_100054,430534077991,2954.69,2026-08-24 17:54:57,FAILED,False,0,True,PAID_BUT_NOT_RECEIVED,0
TXN_100055,419106649725,6386.04,2026-08-13 00:22:57,DELIVERED,True,8,False,NONE,0
TXN_100056,412555330172,6702.65,2026-08-25 09:14:57,FAILED,False,0,True,PAID_BUT_NOT_RECEIVED,0
TXN_100057,404715482085,9816.96,2026-08-24 22:35:57,DELIVERED,True,14,False,NONE,0
TXN_100058,422490078656,6155.57,2026-08-22 05:54:57,DELIVERED,True,4,False,NONE,0
TXN_100059,455253252721,13546.4,2026-08-07 19:57:57,DELIVERED,True,7,False,NONE,0
TXN_100060,436036587044,13905.12,2026-08-21 01:07:57,DELIVERED,True,5,False,NONE,0
TXN_100061,496306083818,14364.03,2026-08-25 15:10:57,DELIVERED,True,11,False,NONE,0
TXN_100062,467510049482,2406.47,2026-08-13 20:13:57,DELIVERED,True,4,False,NONE,0
TXN_100063,408455542342,8729.79,2026-08-25 00:21:57,DELIVERED,True,2,True,PAID_BUT_NOT_RECEIVED,1
TXN_100064,446162203547,951.76,2026-08-26 22:12:57,DELIVERED,True,8,False,NONE,0
TXN_100065,472381880778,2445.75,2026-08-23 10:49:57,DELIVERED,True,2,False,NONE,0
TXN_100066,425131324880,1120.97,2026-08-03 10:21:57,DELIVERED,True,11,False,NONE,0
TXN_100067,433766256364,6116.26,2026-08-26 06:22:57,DELIVERED,True,4,False,NONE,0
TXN_100068,484090817027,692.15,2026-08-04 01:40:57,DELIVERED,True,14,True,PAID_BUT_NOT_RECEIVED,1
TXN_100069,480132807570,8521.88,2026-08-14 17:41:57,DELIVERED,True,15,False,NONE,0
TXN_100070,426889783906,10078.92,2026-08-14 15:18:57,FAILED,False,0,True,PAID_BUT_NOT_RECEIVED,0
TXN_100071,435384886749,5997.21,2026-08-29 17:11:57,DELIVERED,True,10,True,PAID_BUT_NOT_RECEIVED,1
TXN_100072,444913437557,13942.37,2026-08-03 15:22:57,DELIVERED,True,1,False,NONE,0
TXN_100073,483572699943,14976.97,2026-08-04 21:20:57,DELIVERED,True,2,False,NONE,0
TXN_100074,428078925963,7637.68,2026-08-06 08:48:57,DELIVERED,True,30,True,PAID_BUT_NOT_RECEIVED,1
TXN_100075,448293833828,4346.31,2026-08-20 06:44:57,DELIVERED,True,27,True,PAID_BUT_NOT_RECEIVED,1
TXN_100076,496822383884,4607.51,2026-08-30 02:26:57,DELIVERED,True,17,True,PAID_BUT_NOT_RECEIVED,1
TXN_100077,490227913200,12274.85,2026-08-13 23:08:57,DELIVERED,True,30,True,PAID_BUT_NOT_RECEIVED,1
TXN_100078,415734134727,14090.06,2026-08-06 10:48:57,DELIVERED,True,5,False,NONE,0
TXN_100079,499243963817,8343.03,2026-08-12 17:36:57,DELIVERED,True,5,False,NONE,0
TXN_100080,428367528107,10792.42,2026-08-09 14:30:57,DELIVERED,True,11,False,NONE,0
TXN_100081,469853278950,7379.12,2026-08-02 15:37:57,FAILED,False,0,True,PAID_BUT_NOT_RECEIVED,0
TXN_100082,486295764809,6411.28,2026-08-12 22:20:57,DELIVERED,True,2,True,PAID_BUT_NOT_RECEIVED,1
TXN_100083,442964901582,11589.68,2026-08-29 08:01:57,DELIVERED,True,5,False,NONE,0
TXN_100084,499478237119,6683.35,2026-08-19 19:16:57,DELIVERED,True,9,False,NONE,0
TXN_100085,412926432934,1221.13,2026-08-07 02:56:57,DELIVERED,True,9,False,NONE,0
TXN_100086,478895181912,8332.62,2026-08-19 21:34:57,DELIVERED,True,3,False,NONE,0
TXN_100087,438834359262,5533.31,2026-08-02 03:42:57,DELIVERED,True,29,True,PAID_BUT_NOT_RECEIVED,1
TXN_100088,427306582726,10262.79,2026-08-05 00:24:57,DELIVERED,True,12,True,PAID_BUT_NOT_RECEIVED,1
TXN_100089,476365017788,13273.61,2026-08-18 20:00:57,FAILED,False,0,True,PAID_BUT_NOT_RECEIVED,0
TXN_100090,485786976772,11267.22,2026-08-11 02:42:57,DELIVERED,True,14,False,NONE,0
TXN_100091,401770791023,2772.47,2026-08-15 10:58:57,DELIVERED,True,13,False,NONE,0
TXN_100092,459832398633,12053.3,2026-08-11 15:11:57,DELIVERED,True,9,True,PAID_BUT_NOT_RECEIVED,1
TXN_100093,415896868772,5799.87,2026-08-02 02:25:57,DELIVERED,True,28,True,PAID_BUT_NOT_RECEIVED,1
TXN_100094,432086369317,3073.64,2026-08-21 06:54:57,DELIVERED,True,6,False,NONE,0
TXN_100095,431042286266,452.6,2026-08-09 03:04:57,DELIVERED,True,13,True,PAID_BUT_NOT_RECEIVED,1
TXN_100096,435769612716,12978.86,2026-08-13 01:00:57,DELIVERED,True,6,False,NONE,0
TXN_100097,471474619829,6055.21,2026-08-24 17:49:57,DELIVERED,True,6,False,NONE,0
TXN_100098,404033992825,1818.59,2026-08-12 05:26:57,DELIVERED,True,3,False,NONE,0
TXN_100099,438584055930,670.03,2026-08-27 11:44:57,DELIVERED,True,7,False,NONE,0
TXN_100100,446327356259,6602.27,2026-08-23 14:44:57,DELIVERED,True,2,False,NONE,0
TXN_100101,428246230573,3895.37,2026-08-20 04:25:57,DELIVERED,True,1,False,NONE,0
TXN_100102,476478381824,10334.17,2026-08-09 07:20:57,DELIVERED,True,12,True,PAID_BUT_NOT_RECEIVED,1
TXN_100103,410442342819,14238.23,2026-08-15 08:47:57,DELIVERED,True,10,False,NONE,0
TXN_100104,491542570630,12735.43,2026-08-14 00:09:57,DELIVERED,True,9,False,NONE,0
TXN_100105,491522680726,6185.05,2026-08-18 15:39:57,FAILED,False,0,True,PAID_BUT_NOT_RECEIVED,0
TXN_100106,441649192998,8360.75,2026-08-09 01:40:57,DELIVERED,True,7,False,NONE,0
TXN_100107,491822729791,11247.2,2026-08-08 06:13:57,DELIVERED,True,10,False,NONE,0
TXN_100108,441098994137,6150.52,2026-07-31 08:34:57,DELIVERED,True,10,True,PAID_BUT_NOT_RECEIVED,1
TXN_100109,427002088812,6505.33,2026-08-26 17:37:57,DELIVERED,True,10,False,NONE,0
TXN_100110,445761612202,7028.32,2026-08-20 11:05:57,DELIVERED,True,11,False,NONE,0
TXN_100111,469637317274,7150.47,2026-08-08 01:28:57,DELIVERED,True,11,False,NONE,0
TXN_100112,439018899720,7780.23,2026-08-29 03:28:57,DELIVERED,True,10,False,NONE,0
TXN_100113,410029557211,12294.51,2026-08-11 00:40:57,FAILED,False,0,True,PAID_BUT_NOT_RECEIVED,0
TXN_100114,441544341056,3447.15,2026-08-09 09:38:57,DELIVERED,True,5,True,PAID_BUT_NOT_RECEIVED,1
TXN_100115,404399873551,3748.15,2026-08-21 23:06:57,DELIVERED,True,20,True,PAID_BUT_NOT_RECEIVED,1
TXN_100116,460442337008,6275.17,2026-08-29 00:00:57,FAILED,False,0,True,PAID_BUT_NOT_RECEIVED,0
TXN_100117,428242291466,10803.35,2026-08-17 19:32:57,DELIVERED,True,16,True,PAID_BUT_NOT_RECEIVED,1
TXN_100118,431781267043,2298.81,2026-07-31 14:11:57,DELIVERED,True,15,False,NONE,0
TXN_100119,431890760083,2720.71,2026-08-23 21:52:57,FAILED,False,0,True,PAID_BUT_NOT_RECEIVED,0
TXN_100120,406290193878,8405.35,2026-08-05 20:41:57,DELIVERED,True,8,False,NONE,0
TXN_100121,492189940734,8013.87,2026-08-25 18:37:57,DELIVERED,True,20,True,PAID_BUT_NOT_RECEIVED,1
TXN_100122,483505217012,12243.6,2026-08-23 07:29:57,FAILED,False,0,True,PAID_BUT_NOT_RECEIVED,0
TXN_100123,476909355449,6744.11,2026-08-07 13:58:57,DELIVERED,True,12,False,NONE,0
TXN_100124,468124601904,6806.04,2026-08-11 14:11:57,DELIVERED,True,14,False,NONE,0
TXN_100125,437098473391,11510.62,2026-08-24 01:31:57,DELIVERED,True,8,False,NONE,0
TXN_100126,432756635113,4191.5,2026-08-03 20:45:57,DELIVERED,True,12,False,NONE,0
TXN_100127,431291964145,4148.56,2026-08-14 21:20:57,DELIVERED,True,29,True,PAID_BUT_NOT_RECEIVED,1
TXN_100128,410909870727,2161.77,2026-08-10 20:43:57,FAILED,False,0,True,PAID_BUT_NOT_RECEIVED,0
TXN_100129,496134404563,2376.8,2026-08-10 01:49:57,DELIVERED,True,2,False,NONE,0
TXN_100130,457616418900,5030.13,2026-08-21 13:02:57,DELIVERED,True,7,False,NONE,0
TXN_100131,426037232988,12510.08,2026-08-18 01:32:57,DELIVERED,True,15,False,NONE,0
TXN_100132,480615659007,14196.32,2026-08-01 05:28:57,DELIVERED,True,14,False,NONE,0
TXN_100133,454012178783,7207.0,2026-08-16 08:20:57,DELIVERED,True,5,False,NONE,0
TXN_100134,454775758589,12816.37,2026-08-19 09:48:57,DELIVERED,True,9,False,NONE,0
TXN_100135,465371715916,3369.38,2026-08-20 04:10:57,FAILED,False,0,True,PAID_BUT_NOT_RECEIVED,0
TXN_100136,402085816511,5893.97,2026-08-18 17:45:57,DELIVERED,True,12,False,NONE,0
TXN_100137,475687017337,501.8,2026-08-18 06:30:57,DELIVERED,True,10,False,NONE,0
TXN_100138,492618358326,503.82,2026-08-29 14:11:57,DELIVERED,True,14,True,PAID_BUT_NOT_RECEIVED,1
TXN_100139,423457816221,849.24,2026-08-17 14:12:57,DELIVERED,True,6,False,NONE,0
TXN_100140,461038616156,4970.0,2026-08-17 14:14:57,FAILED,False,0,True,PAID_BUT_NOT_RECEIVED,0
TXN_100141,436170345521,12540.17,2026-08-21 17:50:57,FAILED,False,0,True,PAID_BUT_NOT_RECEIVED,0
TXN_100142,498867498374,8137.34,2026-08-16 06:23:57,DELIVERED,True,4,False,NONE,0
TXN_100143,411382282231,11740.37,2026-08-30 00:01:57,DELIVERED,True,1,False,NONE,0
TXN_100144,403239406957,14249.21,2026-08-09 09:53:57,DELIVERED,True,14,False,NONE,0
TXN_100145,481691910134,2370.5,2026-08-06 02:00:57,DELIVERED,True,8,False,NONE,0
TXN_100146,415760205745,8503.15,2026-08-10 06:12:57,DELIVERED,True,8,False,NONE,0
TXN_100147,437363917552,11526.78,2026-08-07 23:24:57,DELIVERED,True,20,True,PAID_BUT_NOT_RECEIVED,1
TXN_100148,497701596735,1806.54,2026-08-07 19:00:57,DELIVERED,True,5,False,NONE,0
TXN_100149,477773691925,482.61,2026-08-14 12:52:57,DELIVERED,True,10,False,NONE,0
TXN_100150,455654928546,6010.15,2026-08-09 08:45:57,DELIVERED,True,2,False,NONE,0
TXN_100151,497032321460,12475.52,2026-08-11 09:23:57,FAILED,False,0,True,PAID_BUT_NOT_RECEIVED,0
TXN_100152,494926943276,11609.97,2026-08-27 15:56:57,DELIVERED,True,13,False,NONE,0
TXN_100153,481534990643,11761.27,2026-08-16 03:22:57,DELIVERED,True,9,False,NONE,0
TXN_100154,492034182760,5621.51,2026-08-23 08:46:57,DELIVERED,True,11,False,NONE,0
TXN_100155,401465576748,12758.68,2026-08-22 15:33:57,FAILED,False,0,True,PAID_BUT_NOT_RECEIVED,0
TXN_100156,456287860835,14415.73,2026-08-29 06:21:57,DELIVERED,True,15,False,NONE,0
TXN_100157,463688812930,10638.9,2026-08-20 03:48:57,DELIVERED,True,6,True,PAID_BUT_NOT_RECEIVED,1
TXN_100158,471871103554,14485.56,2026-08-12 15:08:57,DELIVERED,True,20,True,PAID_BUT_NOT_RECEIVED,1
TXN_100159,462206148127,6590.06,2026-08-27 07:16:57,DELIVERED,True,5,False,NONE,0
TXN_100160,412604105020,4256.03,2026-08-20 20:31:57,DELIVERED,True,8,True,PAID_BUT_NOT_RECEIVED,1
TXN_100161,463352813247,8590.76,2026-08-17 14:05:57,DELIVERED,True,6,False,NONE,0
TXN_100162,464547774977,12779.2,2026-08-08 14:45:57,DELIVERED,True,16,True,PAID_BUT_NOT_RECEIVED,1
TXN_100163,448155688071,11987.7,2026-08-15 19:52:57,DELIVERED,True,9,True,PAID_BUT_NOT_RECEIVED,1
TXN_100164,485385324134,10547.64,2026-08-12 21:53:57,DELIVERED,True,9,False,NONE,0
TXN_100165,468763075434,14226.13,2026-08-04 05:38:57,DELIVERED,True,4,False,NONE,0
TXN_100166,458927271989,7379.81,2026-08-11 06:37:57,DELIVERED,True,23,True,PAID_BUT_NOT_RECEIVED,1
TXN_100167,487944150250,10706.45,2026-08-20 17:39:57,DELIVERED,True,13,False,NONE,0
TXN_100168,408663993845,4484.11,2026-08-18 17:50:57,DELIVERED,True,12,False,NONE,0
TXN_100169,439699693379,9993.0,2026-08-17 03:12:57,DELIVERED,True,8,False,NONE,0
TXN_100170,471096624966,5221.99,2026-08-25 09:18:57,DELIVERED,True,6,False,NONE,0
TXN_100171,496000295209,6860.8,2026-08-14 07:02:57,DELIVERED,True,9,True,PAID_BUT_NOT_RECEIVED,1
TXN_100172,413875055243,10847.14,2026-08-14 16:47:57,DELIVERED,True,2,False,NONE,0
TXN_100173,476205093898,14268.08,2026-08-08 18:21:57,DELIVERED,True,4,False,NONE,0
TXN_100174,499713612762,7314.56,2026-08-27 04:07:57,DELIVERED,True,13,False,NONE,0
TXN_100175,483857676819,4316.68,2026-08-04 21:56:57,DELIVERED,True,27,True,PAID_BUT_NOT_RECEIVED,1
TXN_100176,439488434329,3489.5,2026-08-08 12:07:57,DELIVERED,True,5,False,NONE,0
TXN_100177,494550047269,8058.61,2026-08-12 19:45:57,DELIVERED,True,2,True,PAID_BUT_NOT_RECEIVED,1
TXN_100178,408479532170,8345.05,2026-08-06 02:03:57,DELIVERED,True,11,False,NONE,0
TXN_100179,414993209840,13103.52,2026-08-26 11:09:57,FAILED,False,0,True,PAID_BUT_NOT_RECEIVED,0
TXN_100180,465645737553,7232.84,2026-08-15 20:16:57,DELIVERED,True,3,False,NONE,0
TXN_100181,408441748123,3861.93,2026-08-22 01:56:57,DELIVERED,True,2,False,NONE,0
TXN_100182,412120894428,6070.54,2026-08-03 17:03:57,DELIVERED,True,10,False,NONE,0
TXN_100183,492897761932,898.78,2026-08-07 03:05:57,FAILED,False,0,True,PAID_BUT_NOT_RECEIVED,0
TXN_100184,480793240013,14241.97,2026-08-04 05:10:57,FAILED,False,0,True,PAID_BUT_NOT_RECEIVED,0
TXN_100185,434333616916,1864.93,2026-08-19 06:42:57,DELIVERED,True,10,False,NONE,0
TXN_100186,432720857666,11657.83,2026-08-17 15:36:57,DELIVERED,True,15,True,PAID_BUT_NOT_RECEIVED,1
TXN_100187,464031538749,4530.56,2026-08-27 02:57:57,DELIVERED,True,14,True,PAID_BUT_NOT_RECEIVED,1
TXN_100188,478621009477,9353.31,2026-08-28 02:00:57,DELIVERED,True,12,False,NONE,0
TXN_100189,429045734699,9420.17,2026-08-12 09:11:57,DELIVERED,True,11,False,NONE,0
TXN_100190,421823534004,3673.99,2026-08-25 11:03:57,DELIVERED,True,2,False,NONE,0
TXN_100191,400672302490,6186.91,2026-08-27 08:44:57,DELIVERED,True,8,False,NONE,0
TXN_100192,405545916432,3549.0,2026-08-13 04:56:57,FAILED,False,0,True,PAID_BUT_NOT_RECEIVED,0
TXN_100193,410539984290,10342.04,2026-08-12 09:05:57,FAILED,False,0,True,PAID_BUT_NOT_RECEIVED,0
TXN_100194,479994015016,9951.63,2026-08-09 08:12:57,DELIVERED,True,14,True,PAID_BUT_NOT_RECEIVED,1
TXN_100195,473507404483,3449.66,2026-08-07 02:52:57,DELIVERED,True,15,False,NONE,0
TXN_100196,409200834792,988.61,2026-08-14 08:07:57,DELIVERED,True,10,False,NONE,0
TXN_100197,461369115197,1952.87,2026-08-14 04:16:57,DELIVERED,True,23,True,PAID_BUT_NOT_RECEIVED,1
TXN_100198,469888765221,8145.73,2026-08-20 06:16:57,FAILED,False,0,True,PAID_BUT_NOT_RECEIVED,0
TXN_100199,481949873752,693.93,2026-08-20 00:01:57,FAILED,False,0,True,PAID_BUT_NOT_RECEIVED,0
TXN_100200,446104472157,9095.33,2026-08-01 12:23:57,DELIVERED,True,3,True,PAID_BUT_NOT_RECEIVED,1
TXN_100201,481005303147,8848.13,2026-08-01 06:47:57,DELIVERED,True,25,True,PAID_BUT_NOT_RECEIVED,1
TXN_100202,478466952366,699.45,2026-08-08 07:29:57,DELIVERED,True,8,False,NONE,0
TXN_100203,488128278634,6689.22,2026-08-12 23:57:57,DELIVERED,True,3,False,NONE,0
TXN_100204,481591259548,6594.69,2026-08-22 17:13:57,FAILED,False,0,True,PAID_BUT_NOT_RECEIVED,0
TXN_100205,412751995138,7103.15,2026-08-18 22:09:57,DELIVERED,True,11,True,PAID_BUT_NOT_RECEIVED,1
TXN_100206,491573247933,1658.54,2026-08-07 15:47:57,DELIVERED,True,6,False,NONE,0
TXN_100207,496257282718,7482.49,2026-08-18 13:32:57,DELIVERED,True,14,False,NONE,0
TXN_100208,476280765693,646.79,2026-08-04 08:19:57,DELIVERED,True,11,True,PAID_BUT_NOT_RECEIVED,1
TXN_100209,444033717762,1827.23,2026-08-18 17:36:57,DELIVERED,True,14,False,NONE,0
TXN_100210,404243939720,9899.14,2026-08-25 00:47:57,DELIVERED,True,8,False,NONE,0
TXN_100211,406069852114,2894.98,2026-08-16 19:17:57,DELIVERED,True,10,False,NONE,0
TXN_100212,467673408059,9418.59,2026-08-02 16:30:57,DELIVERED,True,7,True,PAID_BUT_NOT_RECEIVED,1
TXN_100213,474161441848,2052.1,2026-08-13 10:44:57,DELIVERED,True,15,True,PAID_BUT_NOT_RECEIVED,1
TXN_100214,498272487905,7322.21,2026-08-01 15:39:57,DELIVERED,True,11,False,NONE,0
TXN_100215,495517055292,2459.83,2026-08-25 09:47:57,DELIVERED,True,1,True,PAID_BUT_NOT_RECEIVED,1
TXN_100216,458206476598,1488.82,2026-08-05 12:03:57,DELIVERED,True,8,False,NONE,0
TXN_100217,416952496822,9750.87,2026-08-07 08:18:57,DELIVERED,True,8,False,NONE,0
TXN_100218,498494994908,4448.74,2026-08-12 18:47:57,DELIVERED,True,14,True,PAID_BUT_NOT_RECEIVED,1
TXN_100219,468009621472,14705.65,2026-08-11 10:21:57,DELIVERED,True,15,True,PAID_BUT_NOT_RECEIVED,1
TXN_100220,419547534656,5815.43,2026-08-27 14:48:57,DELIVERED,True,17,True,PAID_BUT_NOT_RECEIVED,1
TXN_100221,434659570391,11612.86,2026-08-19 05:21:57,DELIVERED,True,11,True,PAID_BUT_NOT_RECEIVED,1
TXN_100222,436540455091,12326.19,2026-08-13 05:04:57,DELIVERED,True,12,False,NONE,0
TXN_100223,479830289645,14983.64,2026-08-22 14:57:57,DELIVERED,True,14,False,NONE,0
TXN_100224,460767754594,8124.85,2026-08-16 01:06:57,DELIVERED,True,6,False,NONE,0
TXN_100225,453873621917,6884.63,2026-08-14 23:36:57,DELIVERED,True,14,False,NONE,0
TXN_100226,433060504030,8619.78,2026-08-10 23:14:57,DELIVERED,True,14,False,NONE,0
TXN_100227,459165513007,750.34,2026-08-21 20:44:57,FAILED,False,0,True,PAID_BUT_NOT_RECEIVED,0
TXN_100228,455024582255,5852.57,2026-08-30 00:18:57,DELIVERED,True,3,False,NONE,0
TXN_100229,417338867216,7584.14,2026-08-27 04:46:57,FAILED,False,0,True,PAID_BUT_NOT_RECEIVED,0
TXN_100230,463758958832,1585.7,2026-08-21 03:13:57,DELIVERED,True,1,True,PAID_BUT_NOT_RECEIVED,1
TXN_100231,420282741795,6208.68,2026-08-30 03:19:57,DELIVERED,True,5,True,PAID_BUT_NOT_RECEIVED,1
TXN_100232,464745894332,11744.73,2026-08-12 09:36:57,DELIVERED,True,6,False,NONE,0
TXN_100233,497166159255,6022.5,2026-08-03 23:51:57,DELIVERED,True,14,False,NONE,0
TXN_100234,453831497941,14316.68,2026-08-28 20:45:57,DELIVERED,True,12,False,NONE,0
TXN_100235,406618613389,9300.15,2026-08-11 00:33:57,DELIVERED,True,11,False,NONE,0
TXN_100236,499761293937,1446.65,2026-08-04 19:39:57,DELIVERED,True,25,True,PAID_BUT_NOT_RECEIVED,1
TXN_100237,497211206703,13101.43,2026-08-20 12:44:57,DELIVERED,True,3,False,NONE,0
TXN_100238,441635417962,13561.02,2026-08-02 10:22:57,DELIVERED,True,6,False,NONE,0
TXN_100239,407714377458,4471.18,2026-08-17 09:33:57,DELIVERED,True,14,True,PAID_BUT_NOT_RECEIVED,1
TXN_100240,430689988576,8014.38,2026-08-26 02:16:57,DELIVERED,True,11,False,NONE,0
TXN_100241,424878681702,2632.76,2026-08-03 22:23:57,FAILED,False,0,True,PAID_BUT_NOT_RECEIVED,0
TXN_100242,483247393883,10278.71,2026-08-22 23:43:57,FAILED,False,0,True,PAID_BUT_NOT_RECEIVED,0
TXN_100243,481229982109,2232.45,2026-08-21 07:49:57,FAILED,False,0,True,PAID_BUT_NOT_RECEIVED,0
TXN_100244,437099517893,6947.6,2026-07-31 18:23:57,DELIVERED,True,15,False,NONE,0
TXN_100245,463585414880,13528.02,2026-08-25 05:09:57,DELIVERED,True,3,False,NONE,0
TXN_100246,460446776592,14184.01,2026-08-27 01:55:57,FAILED,False,0,True,PAID_BUT_NOT_RECEIVED,0
TXN_100247,487184203626,14434.23,2026-08-11 17:18:57,DELIVERED,True,8,False,NONE,0
TXN_100248,442285258394,3068.33,2026-08-17 20:19:57,FAILED,False,0,True,PAID_BUT_NOT_RECEIVED,0
TXN_100249,468089557330,1689.13,2026-08-17 16:41:57,FAILED,False,0,True,PAID_BUT_NOT_RECEIVED,0
TXN_100250,449701029528,8664.7,2026-08-13 18:36:57,FAILED,False,0,True,PAID_BUT_NOT_RECEIVED,0
TXN_100251,493759297403,5997.51,2026-07-31 16:58:57,DELIVERED,True,10,False,NONE,0
TXN_100252,493909749400,11696.84,2026-08-02 13:42:57,DELIVERED,True,15,False,NONE,0
TXN_100253,433495849178,9145.27,2026-08-16 08:57:57,FAILED,False,0,True,PAID_BUT_NOT_RECEIVED,0
TXN_100254,486839963238,2932.97,2026-08-11 17:53:57,DELIVERED,True,11,False,NONE,0
TXN_100255,493490575089,10244.74,2026-08-06 13:31:57,DELIVERED,True,11,False,NONE,0
TXN_100256,488594257977,687.4,2026-08-20 09:37:57,DELIVERED,True,1,False,NONE,0
TXN_100257,449733890788,11012.16,2026-08-04 10:34:57,FAILED,False,0,True,PAID_BUT_NOT_RECEIVED,0
TXN_100258,442561527386,4968.11,2026-08-19 05:58:57,DELIVERED,True,6,True,PAID_BUT_NOT_RECEIVED,1
TXN_100259,418042276277,11819.04,2026-08-16 23:44:57,DELIVERED,True,9,False,NONE,0
TXN_100260,435066451290,13719.33,2026-08-22 06:26:57,DELIVERED,True,13,False,NONE,0
TXN_100261,446687999440,12083.06,2026-08-21 15:40:57,DELIVERED,True,3,True,PAID_BUT_NOT_RECEIVED,1
TXN_100262,434215857886,12916.09,2026-08-18 10:12:57,FAILED,False,0,True,PAID_BUT_NOT_RECEIVED,0
TXN_100263,476470121639,5550.05,2026-08-18 07:06:57,DELIVERED,True,1,False,NONE,0
TXN_100264,474150284980,1941.47,2026-08-17 02:43:57,DELIVERED,True,11,False,NONE,0
TXN_100265,493411293563,4006.2,2026-08-17 16:18:57,FAILED,False,0,True,PAID_BUT_NOT_RECEIVED,0
TXN_100266,489431601323,14110.35,2026-08-05 06:28:57,DELIVERED,True,22,True,PAID_BUT_NOT_RECEIVED,1
TXN_100267,465428766878,472.87,2026-08-25 21:20:57,DELIVERED,True,11,True,PAID_BUT_NOT_RECEIVED,1
TXN_100268,485535372823,3398.37,2026-08-03 05:10:57,DELIVERED,True,21,True,PAID_BUT_NOT_RECEIVED,1
TXN_100269,463667973944,13649.88,2026-08-14 02:12:57,DELIVERED,True,11,False,NONE,0
TXN_100270,414638519259,2182.68,2026-08-02 00:46:57,DELIVERED,True,5,False,NONE,0
TXN_100271,468701984934,1830.2,2026-08-11 00:35:57,DELIVERED,True,29,True,PAID_BUT_NOT_RECEIVED,1
TXN_100272,419488614274,5890.82,2026-08-17 05:22:57,DELIVERED,True,22,True,PAID_BUT_NOT_RECEIVED,1
TXN_100273,458154683949,8851.37,2026-08-07 08:54:57,FAILED,False,0,True,PAID_BUT_NOT_RECEIVED,0
TXN_100274,459637398109,9858.34,2026-08-22 14:37:57,FAILED,False,0,True,PAID_BUT_NOT_RECEIVED,0
TXN_100275,458478780977,14091.89,2026-08-13 01:41:57,DELIVERED,True,1,False,NONE,0
TXN_100276,450209373135,3337.32,2026-08-20 13:51:57,DELIVERED,True,4,False,NONE,0
TXN_100277,450918770857,1580.38,2026-08-17 01:21:57,DELIVERED,True,18,True,PAID_BUT_NOT_RECEIVED,1
TXN_100278,450014150304,1002.2,2026-08-12 21:28:57,DELIVERED,True,7,True,PAID_BUT_NOT_RECEIVED,1
TXN_100279,417043318752,14240.26,2026-08-21 00:48:57,DELIVERED,True,3,True,PAID_BUT_NOT_RECEIVED,1
TXN_100280,428616373834,9661.4,2026-08-27 12:22:57,DELIVERED,True,1,True,PAID_BUT_NOT_RECEIVED,1
TXN_100281,431497181986,14833.43,2026-08-26 00:48:57,FAILED,False,0,True,PAID_BUT_NOT_RECEIVED,0
TXN_100282,409471285830,12464.29,2026-08-25 13:28:57,DELIVERED,True,4,False,NONE,0
TXN_100283,428288299962,12214.49,2026-08-10 22:37:57,DELIVERED,True,6,False,NONE,0
TXN_100284,420505756910,11850.79,2026-08-27 11:06:57,DELIVERED,True,1,False,NONE,0
TXN_100285,421406237849,14814.16,2026-08-24 22:11:57,DELIVERED,True,5,False,NONE,0
TXN_100286,424904427237,1737.9,2026-08-01 12:17:57,DELIVERED,True,3,False,NONE,0
TXN_100287,447308464867,11870.77,2026-08-11 04:01:57,DELIVERED,True,10,False,NONE,0
TXN_100288,401390587865,2696.27,2026-08-02 17:22:57,DELIVERED,True,3,False,NONE,0
TXN_100289,459020229659,7938.67,2026-08-03 05:33:57,DELIVERED,True,8,False,NONE,0
TXN_100290,470274422288,8945.62,2026-08-20 21:50:57,DELIVERED,True,9,False,NONE,0
TXN_100291,406936831070,10935.92,2026-08-30 07:49:57,DELIVERED,True,9,False,NONE,0
TXN_100292,461425034553,9685.78,2026-08-01 18:09:57,DELIVERED,True,1,False,NONE,0
TXN_100293,468713406910,12724.75,2026-08-19 17:44:57,DELIVERED,True,22,True,PAID_BUT_NOT_RECEIVED,1
TXN_100294,464888201959,10714.78,2026-08-20 12:37:57,DELIVERED,True,2,False,NONE,0
TXN_100295,412452255945,4899.47,2026-08-07 02:09:57,DELIVERED,True,2,False,NONE,0
TXN_100296,434901727116,9402.33,2026-08-26 23:30:57,DELIVERED,True,9,False,NONE,0
TXN_100297,446008345930,5775.48,2026-08-27 12:38:57,DELIVERED,True,17,True,PAID_BUT_NOT_RECEIVED,1
TXN_100298,461396118332,7632.71,2026-08-19 22:01:57,DELIVERED,True,2,False,NONE,0
TXN_100299,497895602301,1804.77,2026-08-30 03:15:57,DELIVERED,True,21,True,PAID_BUT_NOT_RECEIVED,1
TXN_100300,429487064990,6508.04,2026-08-10 17:42:57,DELIVERED,True,7,False,NONE,0
TXN_100301,453487370505,6298.25,2026-08-04 15:59:57,DELIVERED,True,6,False,NONE,0
TXN_100302,444782610420,10010.11,2026-08-17 08:58:57,DELIVERED,True,3,False,NONE,0
TXN_100303,410626899666,1459.25,2026-08-04 05:22:57,DELIVERED,True,2,False,NONE,0
TXN_100304,414739797409,11194.38,2026-08-17 07:09:57,DELIVERED,True,26,True,PAID_BUT_NOT_RECEIVED,1
TXN_100305,473573285650,993.72,2026-08-25 21:32:57,DELIVERED,True,18,True,PAID_BUT_NOT_RECEIVED,1
TXN_100306,491610131911,1921.25,2026-08-16 10:21:57,FAILED,False,0,True,PAID_BUT_NOT_RECEIVED,0
TXN_100307,493946428319,14122.84,2026-08-19 14:05:57,DELIVERED,True,14,False,NONE,0
TXN_100308,482839737518,4755.49,2026-08-05 01:17:57,DELIVERED,True,10,False,NONE,0
TXN_100309,427949124086,2405.48,2026-08-22 06:48:57,DELIVERED,True,8,True,PAID_BUT_NOT_RECEIVED,1
TXN_100310,416523919663,5316.7,2026-08-25 15:43:57,DELIVERED,True,6,False,NONE,0
TXN_100311,478505852701,3469.77,2026-08-19 20:50:57,DELIVERED,True,14,False,NONE,0
TXN_100312,484274662027,10157.15,2026-08-25 16:14:57,DELIVERED,True,1,False,NONE,0
TXN_100313,437338174438,531.4,2026-08-12 18:37:57,DELIVERED,True,12,False,NONE,0
TXN_100314,441929229606,13830.91,2026-08-16 07:32:57,FAILED,False,0,True,PAID_BUT_NOT_RECEIVED,0
TXN_100315,421501060640,13060.95,2026-08-26 02:42:57,DELIVERED,True,22,True,PAID_BUT_NOT_RECEIVED,1
TXN_100316,410311290265,2213.93,2026-08-29 03:43:57,DELIVERED,True,1,True,PAID_BUT_NOT_RECEIVED,1
TXN_100317,499178344062,8004.19,2026-08-17 11:02:57,DELIVERED,True,7,False,NONE,0
TXN_100318,444898066791,2445.4,2026-08-14 12:31:57,DELIVERED,True,12,False,NONE,0
TXN_100319,481352725415,8983.73,2026-08-02 17:35:57,DELIVERED,True,3,False,NONE,0
TXN_100320,406948562092,10142.13,2026-08-12 17:20:57,DELIVERED,True,8,False,NONE,0
TXN_100321,458677579897,7336.36,2026-08-20 10:57:57,DELIVERED,True,7,False,NONE,0
TXN_100322,426943046445,11348.65,2026-08-05 12:27:57,DELIVERED,True,12,True,PAID_BUT_NOT_RECEIVED,1
TXN_100323,414731366888,4320.37,2026-08-27 07:59:57,DELIVERED,True,16,True,PAID_BUT_NOT_RECEIVED,1
TXN_100324,492457477971,4695.45,2026-08-10 08:59:57,DELIVERED,True,7,False,NONE,0
TXN_100325,485832540520,916.25,2026-08-09 15:25:57,FAILED,False,0,True,PAID_BUT_NOT_RECEIVED,0
TXN_100326,439752153596,4989.02,2026-07-31 16:34:57,DELIVERED,True,16,True,PAID_BUT_NOT_RECEIVED,1
TXN_100327,459042976064,2717.85,2026-08-17 15:25:57,DELIVERED,True,9,False,NONE,0
TXN_100328,433087016158,7553.91,2026-08-16 10:58:57,DELIVERED,True,3,True,PAID_BUT_NOT_RECEIVED,1
TXN_100329,407482010533,6599.67,2026-08-21 06:18:57,DELIVERED,True,15,False,NONE,0
TXN_100330,478653996486,6496.34,2026-08-18 17:52:57,DELIVERED,True,12,False,NONE,0
TXN_100331,458583962377,4413.78,2026-08-18 18:32:57,DELIVERED,True,1,False,NONE,0
TXN_100332,447099469026,2660.91,2026-08-28 11:17:57,DELIVERED,True,15,True,PAID_BUT_NOT_RECEIVED,1
TXN_100333,498062804582,13804.57,2026-08-04 08:23:57,DELIVERED,True,7,False,NONE,0
TXN_100334,416511934593,3725.42,2026-08-27 03:20:57,DELIVERED,True,7,False,NONE,0
TXN_100335,410840336593,5996.92,2026-08-14 11:02:57,DELIVERED,True,12,False,NONE,0
TXN_100336,431522969523,5062.72,2026-08-07 23:46:57,DELIVERED,True,2,False,NONE,0
TXN_100337,488091854940,1799.0,2026-08-23 13:08:57,FAILED,False,0,True,PAID_BUT_NOT_RECEIVED,0
TXN_100338,450578515117,5331.39,2026-08-29 17:07:57,DELIVERED,True,27,True,PAID_BUT_NOT_RECEIVED,1
TXN_100339,430699094081,1631.79,2026-08-11 23:43:57,DELIVERED,True,4,False,NONE,0
TXN_100340,482349551258,2377.76,2026-08-30 04:07:57,DELIVERED,True,2,False,NONE,0
TXN_100341,489218703185,7462.34,2026-08-25 23:52:57,DELIVERED,True,13,False,NONE,0
TXN_100342,462618338638,10248.89,2026-08-26 00:42:57,DELIVERED,True,11,False,NONE,0
TXN_100343,445631973575,12977.28,2026-08-28 21:13:57,DELIVERED,True,6,False,NONE,0
TXN_100344,460777899235,1117.47,2026-08-20 11:08:57,DELIVERED,True,11,False,NONE,0
TXN_100345,478489125735,936.96,2026-08-23 10:16:57,DELIVERED,True,2,False,NONE,0
TXN_100346,461462733704,6833.52,2026-08-02 22:16:57,DELIVERED,True,12,True,PAID_BUT_NOT_RECEIVED,1
TXN_100347,442226815498,1243.29,2026-08-04 10:45:57,DELIVERED,True,20,True,PAID_BUT_NOT_RECEIVED,1
TXN_100348,471271030124,5828.79,2026-08-26 18:00:57,DELIVERED,True,9,False,NONE,0
TXN_100349,460305733356,13644.84,2026-08-26 08:32:57,DELIVERED,True,11,False,NONE,0
TXN_100350,443758155315,9114.59,2026-08-23 03:45:57,DELIVERED,True,5,True,PAID_BUT_NOT_RECEIVED,1
TXN_100351,408408353522,6812.79,2026-08-15 23:15:57,DELIVERED,True,12,False,NONE,0
TXN_100352,469081667586,9727.29,2026-08-02 02:53:57,FAILED,False,0,True,PAID_BUT_NOT_RECEIVED,0
TXN_100353,495553331703,6622.6,2026-08-20 08:05:57,DELIVERED,True,17,True,PAID_BUT_NOT_RECEIVED,1
TXN_100354,483849564326,2465.32,2026-08-17 07:23:57,DELIVERED,True,15,False,NONE,0
TXN_100355,452754626239,6190.66,2026-08-15 17:43:57,DELIVERED,True,11,False,NONE,0
TXN_100356,406862867547,11859.48,2026-08-29 19:09:57,DELIVERED,True,11,True,PAID_BUT_NOT_RECEIVED,1
TXN_100357,443232762228,1508.14,2026-08-17 22:21:57,DELIVERED,True,5,False,NONE,0
TXN_100358,499866561465,12788.34,2026-08-27 18:26:57,DELIVERED,True,14,False,NONE,0
TXN_100359,443595521486,1314.38,2026-08-06 18:36:57,FAILED,False,0,True,PAID_BUT_NOT_RECEIVED,0
TXN_100360,451182036291,4722.45,2026-08-30 04:43:57,DELIVERED,True,12,False,NONE,0
TXN_100361,454383456408,2021.38,2026-08-04 04:40:57,DELIVERED,True,5,False,NONE,0
TXN_100362,453940159561,9688.05,2026-08-15 06:55:57,DELIVERED,True,27,True,PAID_BUT_NOT_RECEIVED,1
TXN_100363,490743183237,10572.18,2026-08-24 07:05:57,DELIVERED,True,2,False,NONE,0
TXN_100364,492968968681,6408.75,2026-08-16 19:20:57,DELIVERED,True,1,False,NONE,0
TXN_100365,440212050793,2785.92,2026-08-10 02:05:57,FAILED,False,0,True,PAID_BUT_NOT_RECEIVED,0
TXN_100366,467715125310,2960.88,2026-08-06 14:23:57,DELIVERED,True,3,False,NONE,0
TXN_100367,438986127188,12681.98,2026-08-04 22:36:57,FAILED,False,0,True,PAID_BUT_NOT_RECEIVED,0
TXN_100368,406556403444,9962.75,2026-08-28 11:11:57,FAILED,False,0,True,PAID_BUT_NOT_RECEIVED,0
TXN_100369,482167229980,5713.13,2026-08-07 17:21:57,DELIVERED,True,3,False,NONE,0
TXN_100370,498059880341,11589.36,2026-08-07 20:56:57,DELIVERED,True,12,False,NONE,0
TXN_100371,406174760287,6221.79,2026-08-11 03:34:57,DELIVERED,True,8,False,NONE,0
TXN_100372,441277193030,11310.63,2026-08-20 18:28:57,DELIVERED,True,4,False,NONE,0
TXN_100373,432358331508,4711.07,2026-08-21 16:25:57,DELIVERED,True,15,False,NONE,0
TXN_100374,429356588487,5580.83,2026-08-26 07:11:57,DELIVERED,True,15,True,PAID_BUT_NOT_RECEIVED,1
TXN_100375,470359606362,7959.15,2026-08-07 17:08:57,DELIVERED,True,14,False,NONE,0
TXN_100376,419776878922,13107.73,2026-08-02 17:07:57,DELIVERED,True,11,False,NONE,0
TXN_100377,474608787877,14020.97,2026-08-23 19:38:57,DELIVERED,True,28,True,PAID_BUT_NOT_RECEIVED,1
TXN_100378,439190192608,1349.74,2026-08-07 15:14:57,DELIVERED,True,5,False,NONE,0
TXN_100379,419384702407,12482.6,2026-08-04 12:18:57,DELIVERED,True,30,True,PAID_BUT_NOT_RECEIVED,1
TXN_100380,455949122451,893.53,2026-08-23 04:27:57,DELIVERED,True,6,False,NONE,0
TXN_100381,452552266663,14918.43,2026-08-17 09:38:57,DELIVERED,True,4,False,NONE,0
TXN_100382,443070737542,13969.31,2026-08-29 22:03:57,DELIVERED,True,11,True,PAID_BUT_NOT_RECEIVED,1
TXN_100383,420578823157,2150.23,2026-08-13 09:28:57,DELIVERED,True,30,True,PAID_BUT_NOT_RECEIVED,1
TXN_100384,467988308317,10471.47,2026-08-06 15:43:57,FAILED,False,0,True,PAID_BUT_NOT_RECEIVED,0
TXN_100385,497748478439,7089.74,2026-08-28 08:15:57,DELIVERED,True,1,True,PAID_BUT_NOT_RECEIVED,1
TXN_100386,412480562887,383.16,2026-08-10 03:41:57,DELIVERED,True,27,True,PAID_BUT_NOT_RECEIVED,1
TXN_100387,473656625913,14109.37,2026-08-28 01:11:57,DELIVERED,True,9,False,NONE,0
TXN_100388,414702767251,11664.97,2026-08-11 03:41:57,DELIVERED,True,5,False,NONE,0
TXN_100389,404818301957,3652.75,2026-08-29 10:02:57,DELIVERED,True,26,True,PAID_BUT_NOT_RECEIVED,1
TXN_100390,462804493160,1035.83,2026-08-23 02:04:57,DELIVERED,True,20,True,PAID_BUT_NOT_RECEIVED,1
TXN_100391,402302333490,9516.13,2026-08-26 12:14:57,FAILED,False,0,True,PAID_BUT_NOT_RECEIVED,0
TXN_100392,495528396873,2239.29,2026-08-19 20:58:57,DELIVERED,True,1,False,NONE,0
TXN_100393,449885227314,3684.41,2026-08-19 07:08:57,DELIVERED,True,3,False,NONE,0
TXN_100394,493047766232,1375.65,2026-08-16 18:00:57,DELIVERED,True,3,True,PAID_BUT_NOT_RECEIVED,1
TXN_100395,472814314336,8206.82,2026-08-23 10:35:57,DELIVERED,True,9,False,NONE,0
TXN_100396,451626942721,13112.64,2026-08-02 07:41:57,FAILED,False,0,True,PAID_BUT_NOT_RECEIVED,0
TXN_100397,454269792811,14717.49,2026-08-11 21:11:57,FAILED,False,0,True,PAID_BUT_NOT_RECEIVED,0
TXN_100398,403209700340,5420.7,2026-08-03 09:55:57,DELIVERED,True,6,False,NONE,0
TXN_100399,499819875752,9890.86,2026-08-05 01:21:57,DELIVERED,True,25,True,PAID_BUT_NOT_RECEIVED,1
TXN_100400,446199584202,2087.8,2026-08-16 08:56:57,DELIVERED,True,18,True,PAID_BUT_NOT_RECEIVED,1
TXN_100401,424235622641,12472.72,2026-08-21 11:37:57,DELIVERED,True,12,False,NONE,0
TXN_100402,487954621662,2815.94,2026-08-06 11:25:57,FAILED,False,0,True,PAID_BUT_NOT_RECEIVED,0
TXN_100403,494760295251,11665.24,2026-08-21 04:02:57,DELIVERED,True,1,False,NONE,0
TXN_100404,427030130043,752.71,2026-08-09 10:00:57,DELIVERED,True,29,True,PAID_BUT_NOT_RECEIVED,1
TXN_100405,443129657614,14007.23,2026-08-23 19:04:57,DELIVERED,True,7,False,NONE,0
TXN_100406,466756808521,3874.38,2026-08-29 18:43:57,FAILED,False,0,True,PAID_BUT_NOT_RECEIVED,0
TXN_100407,439475488662,5418.92,2026-08-02 12:20:57,DELIVERED,True,14,False,NONE,0
TXN_100408,445766017740,4170.93,2026-08-17 02:06:57,DELIVERED,True,7,False,NONE,0
TXN_100409,455359923040,11175.28,2026-08-17 22:27:57,FAILED,False,0,True,PAID_BUT_NOT_RECEIVED,0
TXN_100410,465226883264,10411.82,2026-08-17 01:22:57,DELIVERED,True,15,False,NONE,0
TXN_100411,472143814999,4074.14,2026-08-04 02:22:57,DELIVERED,True,12,False,NONE,0
TXN_100412,410413146764,6516.05,2026-08-08 13:14:57,FAILED,False,0,True,PAID_BUT_NOT_RECEIVED,0
TXN_100413,440997500364,4886.05,2026-08-03 23:35:57,FAILED,False,0,True,PAID_BUT_NOT_RECEIVED,0
TXN_100414,491602718481,4505.04,2026-08-20 15:11:57,DELIVERED,True,10,False,NONE,0
TXN_100415,458916913573,2583.01,2026-08-20 12:59:57,DELIVERED,True,12,True,PAID_BUT_NOT_RECEIVED,1
TXN_100416,406215374572,10929.53,2026-08-16 09:13:57,DELIVERED,True,10,False,NONE,0
TXN_100417,460121599025,4190.87,2026-08-02 22:47:57,DELIVERED,True,2,False,NONE,0
TXN_100418,488782058770,6152.53,2026-08-23 16:33:57,DELIVERED,True,13,False,NONE,0
TXN_100419,493415100541,2483.8,2026-08-01 18:08:57,DELIVERED,True,5,True,PAID_BUT_NOT_RECEIVED,1
TXN_100420,485249385548,10203.52,2026-08-20 06:44:57,DELIVERED,True,2,True,PAID_BUT_NOT_RECEIVED,1
TXN_100421,409132088418,3616.33,2026-08-29 16:49:57,DELIVERED,True,12,True,PAID_BUT_NOT_RECEIVED,1
TXN_100422,453095032476,14247.06,2026-08-01 19:30:57,DELIVERED,True,20,True,PAID_BUT_NOT_RECEIVED,1
TXN_100423,490853325116,6803.85,2026-08-17 05:19:57,DELIVERED,True,6,False,NONE,0
TXN_100424,477639631734,2151.66,2026-08-17 00:56:57,DELIVERED,True,7,False,NONE,0
TXN_100425,487249621106,4252.48,2026-08-05 12:02:57,DELIVERED,True,1,False,NONE,0
TXN_100426,424634535947,7535.76,2026-08-17 22:49:57,DELIVERED,True,15,False,NONE,0
TXN_100427,415297267819,4000.47,2026-08-12 04:26:57,DELIVERED,True,12,False,NONE,0
TXN_100428,427686532198,14945.84,2026-08-13 08:03:57,FAILED,False,0,True,PAID_BUT_NOT_RECEIVED,0
TXN_100429,468713587664,3082.66,2026-08-06 12:23:57,DELIVERED,True,14,False,NONE,0
TXN_100430,460447593242,2672.58,2026-08-20 14:18:57,DELIVERED,True,2,False,NONE,0
TXN_100431,493675440963,14516.66,2026-08-14 21:12:57,DELIVERED,True,11,False,NONE,0
TXN_100432,495981460771,1067.59,2026-08-25 00:19:57,DELIVERED,True,10,True,PAID_BUT_NOT_RECEIVED,1
TXN_100433,442482946103,12785.29,2026-08-29 08:40:57,DELIVERED,True,6,True,PAID_BUT_NOT_RECEIVED,1
TXN_100434,450653540259,7680.46,2026-08-05 20:41:57,DELIVERED,True,4,False,NONE,0
TXN_100435,420581765355,3627.37,2026-08-22 19:44:57,DELIVERED,True,1,False,NONE,0
TXN_100436,474564482803,8626.93,2026-08-21 14:39:57,DELIVERED,True,26,True,PAID_BUT_NOT_RECEIVED,1
TXN_100437,477236448247,2033.59,2026-08-04 06:18:57,DELIVERED,True,2,False,NONE,0
TXN_100438,452868001087,14993.97,2026-08-22 02:57:57,DELIVERED,True,17,True,PAID_BUT_NOT_RECEIVED,1
TXN_100439,411059113473,1967.37,2026-08-14 18:24:57,DELIVERED,True,21,True,PAID_BUT_NOT_RECEIVED,1
TXN_100440,460448078471,7040.91,2026-08-23 21:13:57,DELIVERED,True,6,False,NONE,0
TXN_100441,488267176166,8858.01,2026-08-06 05:04:57,DELIVERED,True,7,False,NONE,0
TXN_100442,408023907846,12487.72,2026-08-23 22:02:57,FAILED,False,0,True,PAID_BUT_NOT_RECEIVED,0
TXN_100443,439311902088,2553.39,2026-08-15 00:33:57,DELIVERED,True,15,False,NONE,0
TXN_100444,433111329404,5255.74,2026-08-23 22:54:57,DELIVERED,True,15,False,NONE,0
TXN_100445,434698439081,3024.9,2026-08-25 09:47:57,DELIVERED,True,9,True,PAID_BUT_NOT_RECEIVED,1
TXN_100446,486436948227,4612.09,2026-08-24 14:50:57,FAILED,False,0,True,PAID_BUT_NOT_RECEIVED,0
TXN_100447,469120748675,9650.71,2026-08-27 06:32:57,FAILED,False,0,True,PAID_BUT_NOT_RECEIVED,0
TXN_100448,481353582536,2397.49,2026-08-30 07:38:57,DELIVERED,True,20,True,PAID_BUT_NOT_RECEIVED,1
TXN_100449,445548724783,12653.7,2026-08-25 23:45:57,DELIVERED,True,1,False,NONE,0
TXN_100450,408711797819,777.38,2026-08-29 12:46:57,DELIVERED,True,13,False,NONE,0
TXN_100451,436836951954,9801.84,2026-08-26 09:03:57,DELIVERED,True,14,True,PAID_BUT_NOT_RECEIVED,1
TXN_100452,488554101384,551.26,2026-08-28 21:09:57,DELIVERED,True,9,False,NONE,0
TXN_100453,487143476210,14354.09,2026-08-22 07:38:57,DELIVERED,True,4,False,NONE,0
TXN_100454,454481620807,4531.76,2026-08-03 15:50:57,FAILED,False,0,True,PAID_BUT_NOT_RECEIVED,0
TXN_100455,407252540065,2455.4,2026-08-19 06:06:57,DELIVERED,True,8,False,NONE,0
TXN_100456,427764567672,5168.87,2026-08-06 21:03:57,DELIVERED,True,6,False,NONE,0
TXN_100457,498189330722,4857.81,2026-08-16 01:22:57,DELIVERED,True,7,False,NONE,0
TXN_100458,470310934766,8468.6,2026-08-14 20:41:57,DELIVERED,True,4,False,NONE,0
TXN_100459,414888386313,4085.33,2026-08-11 14:55:57,DELIVERED,True,3,False,NONE,0
TXN_100460,404710770198,4424.16,2026-08-17 19:43:57,DELIVERED,True,14,False,NONE,0
TXN_100461,458477600839,3799.23,2026-08-07 14:34:57,DELIVERED,True,14,False,NONE,0
TXN_100462,427112904128,11470.51,2026-08-23 00:22:57,DELIVERED,True,17,True,PAID_BUT_NOT_RECEIVED,1
TXN_100463,466429465118,13198.23,2026-08-22 23:23:57,DELIVERED,True,1,True,PAID_BUT_NOT_RECEIVED,1
TXN_100464,470408439067,6912.74,2026-08-11 07:04:57,DELIVERED,True,4,False,NONE,0
TXN_100465,449750084141,825.01,2026-08-13 03:26:57,FAILED,False,0,True,PAID_BUT_NOT_RECEIVED,0
TXN_100466,483729933041,13246.86,2026-08-30 02:45:57,DELIVERED,True,11,False,NONE,0
TXN_100467,440675860800,8096.69,2026-08-05 05:32:57,DELIVERED,True,7,False,NONE,0
TXN_100468,499920150245,5550.09,2026-08-18 16:35:57,FAILED,False,0,True,PAID_BUT_NOT_RECEIVED,0
TXN_100469,405866656257,6068.67,2026-08-26 07:01:57,DELIVERED,True,9,False,NONE,0
TXN_100470,448080678409,8343.02,2026-08-03 16:26:57,FAILED,False,0,True,PAID_BUT_NOT_RECEIVED,0
TXN_100471,470378832294,6810.28,2026-08-25 08:43:57,DELIVERED,True,5,False,NONE,0
TXN_100472,492871115423,9204.54,2026-08-06 04:40:57,FAILED,False,0,True,PAID_BUT_NOT_RECEIVED,0
TXN_100473,417072850692,5969.17,2026-08-15 18:30:57,DELIVERED,True,9,False,NONE,0
TXN_100474,451277393662,11348.98,2026-08-09 09:33:57,FAILED,False,0,True,PAID_BUT_NOT_RECEIVED,0
TXN_100475,471307035417,6080.67,2026-08-02 04:06:57,DELIVERED,True,1,False,NONE,0
TXN_100476,417347003397,10732.52,2026-08-21 21:35:57,FAILED,False,0,True,PAID_BUT_NOT_RECEIVED,0
TXN_100477,462360059151,2319.22,2026-08-23 19:12:57,DELIVERED,True,3,False,NONE,0
TXN_100478,445582780505,2521.28,2026-08-28 09:30:57,DELIVERED,True,12,False,NONE,0
TXN_100479,442273653396,8946.5,2026-08-23 10:15:57,FAILED,False,0,True,PAID_BUT_NOT_RECEIVED,0
TXN_100480,472276952553,8031.86,2026-08-25 22:59:57,DELIVERED,True,5,False,NONE,0
TXN_100481,447316095451,5035.47,2026-08-05 07:51:57,DELIVERED,True,14,True,PAID_BUT_NOT_RECEIVED,1
TXN_100482,441161687268,11971.65,2026-08-28 23:27:57,DELIVERED,True,1,True,PAID_BUT_NOT_RECEIVED,1
TXN_100483,466988216712,4056.4,2026-08-30 04:12:57,DELIVERED,True,13,False,NONE,0
TXN_100484,479793939676,3490.39,2026-08-02 16:13:57,DELIVERED,True,19,True,PAID_BUT_NOT_RECEIVED,1
TXN_100485,423538348308,7911.06,2026-08-28 13:03:57,DELIVERED,True,13,False,NONE,0
TXN_100486,455152392860,2301.86,2026-08-11 08:40:57,FAILED,False,0,True,PAID_BUT_NOT_RECEIVED,0
TXN_100487,477445005639,14228.26,2026-08-05 08:10:57,DELIVERED,True,4,False,NONE,0
TXN_100488,460210877534,4774.02,2026-08-07 05:32:57,DELIVERED,True,7,False,NONE,0
TXN_100489,428735479836,6214.62,2026-08-28 04:01:57,FAILED,False,0,True,PAID_BUT_NOT_RECEIVED,0
TXN_100490,468378116818,13104.98,2026-08-03 04:09:57,FAILED,False,0,True,PAID_BUT_NOT_RECEIVED,0
TXN_100491,420211150729,7828.38,2026-08-25 20:46:57,DELIVERED,True,6,False,NONE,0
TXN_100492,494481218287,7227.73,2026-08-17 11:43:57,DELIVERED,True,11,True,PAID_BUT_NOT_RECEIVED,1
TXN_100493,425583769396,6948.99,2026-08-24 14:27:57,DELIVERED,True,6,False,NONE,0
TXN_100494,449590865869,10170.44,2026-08-29 14:47:57,DELIVERED,True,13,False,NONE,0
TXN_100495,437337496353,9190.14,2026-08-09 02:08:57,DELIVERED,True,4,False,NONE,0
TXN_100496,474212767372,4547.64,2026-08-13 21:12:57,DELIVERED,True,13,False,NONE,0
TXN_100497,495730543832,3188.44,2026-08-22 14:15:57,DELIVERED,True,6,False,NONE,0
TXN_100498,449305380257,8451.27,2026-08-12 18:49:57,DELIVERED,True,5,False,NONE,0
TXN_100499,477832856621,10181.67,2026-08-17 14:51:57,FAILED,False,0,True,PAID_BUT_NOT_RECEIVED,0
TXN_100500,439283815829,726.79,2026-08-03 22:27:57,FAILED,False,0,True,PAID_BUT_NOT_RECEIVED,0
